url,source_url,depth,discovered_at,created_at
https://en.wikipedia.org/wiki/Turtle,,0,2026-10-09 06:46:59.943928,2026-10-09 06:46:59.946226
https://en.wikipedia.org/wiki/100_of_the_World's_Worst_Invasive_Alien_Species,https://en.wikipedia.org/wiki/Turtle,1,2026-10-09 06:47:00.568976,2026-10-09 06:47:00.920838
https://en.wikipedia.org/wiki/Abdominal_external_oblique_muscle,https://en.wikipedia.org/wiki/Turtle,1,2026-10-09 06:47:00.541426,2026-10-09 06:47:00.790219
https://en.wikipedia.org/wiki/Acanthochelys,https://en.wikipedia.org/wiki/Turtle,1,2026-10-09 06:47:00.510841,2026-10-09 06:47:00.676751
https://en.wikipedia.org/wiki/Acherontemys,https://en.wikipedia.org/wiki/Turtle,1,2026-10-09 06:47:00.483429,2026-10-09 06:47:00.562443
https://en.wikipedia.org/wiki/Actinemys,https://en.wikipedia.org/wiki/Turtle,1,2026-10-09 06:47:00.4862,2026-10-09 06:47:00.576444
https://en.wikipedia.org/wiki/Actinistia,https://en.wikipedia.org/wiki/Turtle,1,2026-10-09 06:47:00.50433,2026-10-09 06:47:00.648366
https://en.wikipedia.org/wiki/Actinopterygii,https://en.wikipedia.org/wiki/Turtle,1,2026-10-09 06:47:00.49052,2026-10-09 06:47:00.59534
https://en.wikipedia.org/wiki/Adelita_(turtle),https://en.wikipedia.org/wiki/Turtle,1,2026-10-09 06:47:00.470603,2026-10-09 06:47:00.503435
https://en.wikipedia.org/wiki/Adocus,https://en.wikipedia.org/wiki/Turtle,1,2026-10-09 06:47:00.528459,2026-10-09 06:47:00.739911
https://en.wikipedia.org/wiki/Adwaita,https://en.wikipedia.org/wiki/Turtle,1,2026-10-09 06:47:00.546963,2026-10-09 06:47:00.813345
https://en.wikipedia.org/wiki/Aerobic_respiration,https://en.wikipedia.org/wiki/Turtle,1,2026-10-09 06:47:00.473352,2026-10-09 06:47:00.514026
https://en.wikipedia.org/wiki/Aesop's_Fables,https://en.wikipedia.org/wiki/Turtle,1,2026-10-09 06:47:00.472569,2026-10-09 06:47:00.511534
https://en.wikipedia.org/wiki/Aestivation,https://en.wikipedia.org/wiki/Turtle,1,2026-10-09 06:47:00.47792,2026-10-09 06:47:00.537802
https://en.wikipedia.org/wiki/African_helmeted_turtle,https://en.wikipedia.org/wiki/Turtle,1,2026-10-09 06:47:00.468211,2026-10-09 06:47:00.493906
https://en.wikipedia.org/wiki/Aggressive_mimicry,https://en.wikipedia.org/wiki/Turtle,1,2026-10-09 06:47:00.552642,2026-10-09 06:47:00.836769
https://en.wikipedia.org/wiki/A_Greek–English_Lexicon,https://en.wikipedia.org/wiki/Turtle,1,2026-10-09 06:47:00.521587,2026-10-09 06:47:00.714869
https://en.wikipedia.org/wiki/A_Latin_Dictionary,https://en.wikipedia.org/wiki/Turtle,1,2026-10-09 06:47:00.52513,2026-10-09 06:47:00.728718
https://en.wikipedia.org/wiki/Albertwoodemys,https://en.wikipedia.org/wiki/Turtle,1,2026-10-09 06:47:00.50723,2026-10-09 06:47:00.661925
https://en.wikipedia.org/wiki/Aldabrachelys,https://en.wikipedia.org/wiki/Turtle,1,2026-10-09 06:47:00.52593,2026-10-09 06:47:00.731046
https://en.wikipedia.org/wiki/Aldabra_giant_tortoise,https://en.wikipedia.org/wiki/Turtle,1,2026-10-09 06:47:00.500966,2026-10-09 06:47:00.636043
https://en.wikipedia.org/wiki/Algonquian_peoples,https://en.wikipedia.org/wiki/Turtle,1,2026-10-09 06:47:00.543034,2026-10-09 06:47:00.795995
https://en.wikipedia.org/wiki/Alice's_Adventures_in_Wonderland,https://en.wikipedia.org/wiki/Turtle,1,2026-10-09 06:47:00.566133,2026-10-09 06:47:00.908783
https://en.wikipedia.org/wiki/Alienochelys,https://en.wikipedia.org/wiki/Turtle,1,2026-10-09 06:47:00.471434,2026-10-09 06:47:00.508083
https://en.wikipedia.org/wiki/Allaeochelys,https://en.wikipedia.org/wiki/Turtle,1,2026-10-09 06:47:00.536979,2026-10-09 06:47:00.774221
https://en.wikipedia.org/wiki/Alligator_snapping_turtle,https://en.wikipedia.org/wiki/Turtle,1,2026-10-09 06:47:00.509549,2026-10-09 06:47:00.671474
https://en.wikipedia.org/wiki/Allopleuron,https://en.wikipedia.org/wiki/Turtle,1,2026-10-09 06:47:00.511633,2026-10-09 06:47:00.682682
https://en.wikipedia.org/wiki/Ambush_predator,https://en.wikipedia.org/wiki/Turtle,1,2026-10-09 06:47:00.46991,2026-10-09 06:47:00.500958
https://en.wikipedia.org/wiki/Amniote,https://en.wikipedia.org/wiki/Turtle,1,2026-10-09 06:47:00.564319,2026-10-09 06:47:00.901896
https://en.wikipedia.org/wiki/Amyda,https://en.wikipedia.org/wiki/Turtle,1,2026-10-09 06:47:00.485712,2026-10-09 06:47:00.574126
https://en.wikipedia.org/wiki/Anaerobic_respiration,https://en.wikipedia.org/wiki/Turtle,1,2026-10-09 06:47:00.549936,2026-10-09 06:47:00.825538
https://en.wikipedia.org/wiki/Anapsid,https://en.wikipedia.org/wiki/Turtle,1,2026-10-09 06:47:00.478968,2026-10-09 06:47:00.542753
https://en.wikipedia.org/wiki/Anatomical_terms_of_motion,https://en.wikipedia.org/wiki/Turtle,1,2026-10-09 06:47:00.562219,2026-10-09 06:47:00.893657
https://en.wikipedia.org/wiki/Ancient_Greek,https://en.wikipedia.org/wiki/Turtle,1,2026-10-09 06:47:00.547792,2026-10-09 06:47:00.817018
https://en.wikipedia.org/wiki/Ancient_Rome,https://en.wikipedia.org/wiki/Turtle,1,2026-10-09 06:47:00.487749,2026-10-09 06:47:00.583471
https://en.wikipedia.org/wiki/Angulate_tortoise,https://en.wikipedia.org/wiki/Turtle,1,2026-10-09 06:47:00.505365,2026-10-09 06:47:00.654353
https://en.wikipedia.org/wiki/Animal,https://en.wikipedia.org/wiki/Turtle,1,2026-10-09 06:47:00.553424,2026-10-09 06:47:00.841786
https://en.wikipedia.org/wiki/Animal_cognition,https://en.wikipedia.org/wiki/Turtle,1,2026-10-09 06:47:00.501978,2026-10-09 06:47:00.640106
https://en.wikipedia.org/wiki/Animal_Diversity_Web,https://en.wikipedia.org/wiki/Turtle,1,2026-10-09 06:47:00.483067,2026-10-09 06:47:00.562341
https://en.wikipedia.org/wiki/Animal_migration,https://en.wikipedia.org/wiki/Turtle,1,2026-10-09 06:47:00.528635,2026-10-09 06:47:00.739952
https://en.wikipedia.org/wiki/Animal_navigation,https://en.wikipedia.org/wiki/Turtle,1,2026-10-09 06:47:00.503869,2026-10-09 06:47:00.646981
https://en.wikipedia.org/wiki/Ankylosis,https://en.wikipedia.org/wiki/Turtle,1,2026-10-09 06:47:00.495266,2026-10-09 06:47:00.612956
https://en.wikipedia.org/wiki/Anomalochelys,https://en.wikipedia.org/wiki/Turtle,1,2026-10-09 06:47:00.50485,2026-10-09 06:47:00.651425
https://en.wikipedia.org/wiki/Anosteira,https://en.wikipedia.org/wiki/Turtle,1,2026-10-09 06:47:00.481688,2026-10-09 06:47:00.556076
https://en.wikipedia.org/wiki/Anthodon_(reptile),https://en.wikipedia.org/wiki/Turtle,1,2026-10-09 06:47:00.467503,2026-10-09 06:47:00.490217
https://en.wikipedia.org/wiki/Anti-predator_adaptation,https://en.wikipedia.org/wiki/Turtle,1,2026-10-09 06:47:00.51097,2026-10-09 06:47:00.677738
https://en.wikipedia.org/wiki/Aorta,https://en.wikipedia.org/wiki/Turtle,1,2026-10-09 06:47:00.512525,2026-10-09 06:47:00.684729
https://en.wikipedia.org/wiki/Apalone,https://en.wikipedia.org/wiki/Turtle,1,2026-10-09 06:47:00.566448,2026-10-09 06:47:00.909925
https://en.wikipedia.org/wiki/Aplousobranchia,https://en.wikipedia.org/wiki/Turtle,1,2026-10-09 06:47:00.474777,2026-10-09 06:47:00.521948
https://en.wikipedia.org/wiki/Apparent_death,https://en.wikipedia.org/wiki/Turtle,1,2026-10-09 06:47:00.476802,2026-10-09 06:47:00.533088
https://en.wikipedia.org/wiki/Arabemys,https://en.wikipedia.org/wiki/Turtle,1,2026-10-09 06:47:00.527165,2026-10-09 06:47:00.735275
https://en.wikipedia.org/wiki/Araiochelys,https://en.wikipedia.org/wiki/Turtle,1,2026-10-09 06:47:00.561591,2026-10-09 06:47:00.889876
https://en.wikipedia.org/wiki/Araripemydidae,https://en.wikipedia.org/wiki/Turtle,1,2026-10-09 06:47:00.521875,2026-10-09 06:47:00.717141
https://en.wikipedia.org/wiki/Araripemys,https://en.wikipedia.org/wiki/Turtle,1,2026-10-09 06:47:00.470902,2026-10-09 06:47:00.505951
https://en.wikipedia.org/wiki/Archelon,https://en.wikipedia.org/wiki/Turtle,1,2026-10-09 06:47:00.465579,2026-10-09 06:47:00.482364
https://en.wikipedia.org/wiki/Archelosauria,https://en.wikipedia.org/wiki/Turtle,1,2026-10-09 06:47:00.507657,2026-10-09 06:47:00.664122
https://en.wikipedia.org/wiki/Archosaur,https://en.wikipedia.org/wiki/Turtle,1,2026-10-09 06:47:00.491621,2026-10-09 06:47:00.599964
https://en.wikipedia.org/wiki/Archosauromorpha,https://en.wikipedia.org/wiki/Turtle,1,2026-10-09 06:47:00.492534,2026-10-09 06:47:00.602362
https://en.wikipedia.org/wiki/Archosauromorphs,https://en.wikipedia.org/wiki/Turtle,1,2026-10-09 06:47:00.492356,2026-10-09 06:47:00.60228
https://en.wikipedia.org/wiki/Arenila,https://en.wikipedia.org/wiki/Turtle,1,2026-10-09 06:47:00.561329,2026-10-09 06:47:00.887901
https://en.wikipedia.org/wiki/Argillochelys,https://en.wikipedia.org/wiki/Turtle,1,2026-10-09 06:47:00.53169,2026-10-09 06:47:00.751042
https://en.wikipedia.org/wiki/Arthropod,https://en.wikipedia.org/wiki/Turtle,1,2026-10-09 06:47:00.51203,2026-10-09 06:47:00.683599
https://en.wikipedia.org/wiki/Arthur_Caswell_Parker,https://en.wikipedia.org/wiki/Turtle,1,2026-10-09 06:47:00.504462,2026-10-09 06:47:00.649064
https://en.wikipedia.org/wiki/Ascidiacea,https://en.wikipedia.org/wiki/Turtle,1,2026-10-09 06:47:00.523226,2026-10-09 06:47:00.720428
https://en.wikipedia.org/wiki/Asian_box_turtle,https://en.wikipedia.org/wiki/Turtle,1,2026-10-09 06:47:00.532991,2026-10-09 06:47:00.756878
https://en.wikipedia.org/wiki/Astrochelys,https://en.wikipedia.org/wiki/Turtle,1,2026-10-09 06:47:00.557487,2026-10-09 06:47:00.872903
https://en.wikipedia.org/wiki/Atlantochelys,https://en.wikipedia.org/wiki/Turtle,1,2026-10-09 06:47:00.488656,2026-10-09 06:47:00.587034
https://en.wikipedia.org/wiki/Atrium_(heart),https://en.wikipedia.org/wiki/Turtle,1,2026-10-09 06:47:00.559064,2026-10-09 06:47:00.878929
https://en.wikipedia.org/wiki/August_Batsch,https://en.wikipedia.org/wiki/Turtle,1,2026-10-09 06:47:00.509686,2026-10-09 06:47:00.671449
https://en.wikipedia.org/wiki/Australian_Aboriginal,https://en.wikipedia.org/wiki/Turtle,1,2026-10-09 06:47:00.521445,2026-10-09 06:47:00.714843
https://en.wikipedia.org/wiki/Australian_English,https://en.wikipedia.org/wiki/Turtle,1,2026-10-09 06:47:00.478459,2026-10-09 06:47:00.540152
https://en.wikipedia.org/wiki/Australian_Faunal_Directory,https://en.wikipedia.org/wiki/Turtle,1,2026-10-09 06:47:00.462815,2026-10-09 06:47:00.467121
https://en.wikipedia.org/wiki/Avatar,https://en.wikipedia.org/wiki/Turtle,1,2026-10-09 06:47:00.496241,2026-10-09 06:47:00.616116
https://en.wikipedia.org/wiki/Aves,https://en.wikipedia.org/wiki/Turtle,1,2026-10-09 06:47:00.53014,2026-10-09 06:47:00.746577
https://en.wikipedia.org/wiki/Axestemys,https://en.wikipedia.org/wiki/Turtle,1,2026-10-09 06:47:00.507905,2026-10-09 06:47:00.664166
https://en.wikipedia.org/wiki/Azabbaremys,https://en.wikipedia.org/wiki/Turtle,1,2026-10-09 06:47:00.566738,2026-10-09 06:47:00.911031
https://en.wikipedia.org/wiki/Aztec,https://en.wikipedia.org/wiki/Turtle,1,2026-10-09 06:47:00.484601,2026-10-09 06:47:00.569179
https://en.wikipedia.org/wiki/Backward_evolution,https://en.wikipedia.org/wiki/Turtle,1,2026-10-09 06:47:00.527782,2026-10-09 06:47:00.737704
https://en.wikipedia.org/wiki/Banhxeochelys,https://en.wikipedia.org/wiki/Turtle,1,2026-10-09 06:47:00.479797,2026-10-09 06:47:00.546376
https://en.wikipedia.org/wiki/Barbour's_map_turtle,https://en.wikipedia.org/wiki/Turtle,1,2026-10-09 06:47:00.536078,2026-10-09 06:47:00.771832
https://en.wikipedia.org/wiki/Barcode_of_Life_Data_System,https://en.wikipedia.org/wiki/Turtle,1,2026-10-09 06:47:00.463095,2026-10-09 06:47:00.469459
https://en.wikipedia.org/wiki/Bashuchelys,https://en.wikipedia.org/wiki/Turtle,1,2026-10-09 06:47:00.492828,2026-10-09 06:47:00.604276
https://en.wikipedia.org/wiki/Basilemys,https://en.wikipedia.org/wiki/Turtle,1,2026-10-09 06:47:00.548279,2026-10-09 06:47:00.818361
https://en.wikipedia.org/wiki/Basilochelys,https://en.wikipedia.org/wiki/Turtle,1,2026-10-09 06:47:00.50681,2026-10-09 06:47:00.659734
https://en.wikipedia.org/wiki/Batagur,https://en.wikipedia.org/wiki/Turtle,1,2026-10-09 06:47:00.569137,2026-10-09 06:47:00.920901
https://en.wikipedia.org/wiki/Batsch,https://en.wikipedia.org/wiki/Turtle,1,2026-10-09 06:47:00.542032,2026-10-09 06:47:00.792967
https://en.wikipedia.org/wiki/Bauruemys,https://en.wikipedia.org/wiki/Turtle,1,2026-10-09 06:47:00.56875,2026-10-09 06:47:00.918762
https://en.wikipedia.org/wiki/Beijing,https://en.wikipedia.org/wiki/Turtle,1,2026-10-09 06:47:00.517624,2026-10-09 06:47:00.703474
https://en.wikipedia.org/wiki/Bell's_hinge-back_tortoise,https://en.wikipedia.org/wiki/Turtle,1,2026-10-09 06:47:00.533306,2026-10-09 06:47:00.760627
https://en.wikipedia.org/wiki/Bibcode_(identifier),https://en.wikipedia.org/wiki/Turtle,1,2026-10-09 06:47:00.488986,2026-10-09 06:47:00.589191
https://en.wikipedia.org/wiki/Bife_de_tartaruga,https://en.wikipedia.org/wiki/Turtle,1,2026-10-09 06:47:00.504978,2026-10-09 06:47:00.651471
https://en.wikipedia.org/wiki/Big-headed_Amazon_River_turtle,https://en.wikipedia.org/wiki/Turtle,1,2026-10-09 06:47:00.537388,2026-10-09 06:47:00.776351
https://en.wikipedia.org/wiki/Big-headed_turtle,https://en.wikipedia.org/wiki/Turtle,1,2026-10-09 06:47:00.558899,2026-10-09 06:47:00.87781
https://en.wikipedia.org/wiki/Bilateria,https://en.wikipedia.org/wiki/Turtle,1,2026-10-09 06:47:00.518303,2026-10-09 06:47:00.705794
https://en.wikipedia.org/wiki/Biodiversity,https://en.wikipedia.org/wiki/Turtle,1,2026-10-09 06:47:00.48659,2026-10-09 06:47:00.577998
https://en.wikipedia.org/wiki/Biology_Letters,https://en.wikipedia.org/wiki/Turtle,1,2026-10-09 06:47:00.54668,2026-10-09 06:47:00.812091
https://en.wikipedia.org/wiki/Bioluminescence,https://en.wikipedia.org/wiki/Turtle,1,2026-10-09 06:47:00.520527,2026-10-09 06:47:00.712643
https://en.wikipedia.org/wiki/Bird,https://en.wikipedia.org/wiki/Turtle,1,2026-10-09 06:47:00.478053,2026-10-09 06:47:00.538993
https://en.wikipedia.org/wiki/Bixi,https://en.wikipedia.org/wiki/Turtle,1,2026-10-09 06:47:00.510585,2026-10-09 06:47:00.675745
https://en.wikipedia.org/wiki/Bixi_(tortoise),https://en.wikipedia.org/wiki/Turtle,1,2026-10-09 06:47:00.51714,2026-10-09 06:47:00.701318
https://en.wikipedia.org/wiki/B._K._S._Iyengar,https://en.wikipedia.org/wiki/Turtle,1,2026-10-09 06:47:00.478632,2026-10-09 06:47:00.541496
https://en.wikipedia.org/wiki/Black_pond_turtle,https://en.wikipedia.org/wiki/Turtle,1,2026-10-09 06:47:00.505836,2026-10-09 06:47:00.656511
https://en.wikipedia.org/wiki/Blanding's_turtle,https://en.wikipedia.org/wiki/Turtle,1,2026-10-09 06:47:00.503738,2026-10-09 06:47:00.645759
https://en.wikipedia.org/wiki/Bluefields,https://en.wikipedia.org/wiki/Turtle,1,2026-10-09 06:47:00.55022,2026-10-09 06:47:00.826612
https://en.wikipedia.org/wiki/Bone,https://en.wikipedia.org/wiki/Turtle,1,2026-10-09 06:47:00.543924,2026-10-09 06:47:00.800538
https://en.wikipedia.org/wiki/Bothremydidae,https://en.wikipedia.org/wiki/Turtle,1,2026-10-09 06:47:00.558048,2026-10-09 06:47:00.87518
https://en.wikipedia.org/wiki/Bothremys,https://en.wikipedia.org/wiki/Turtle,1,2026-10-09 06:47:00.552213,2026-10-09 06:47:00.83527
https://en.wikipedia.org/wiki/Bouliachelys,https://en.wikipedia.org/wiki/Turtle,1,2026-10-09 06:47:00.560942,2026-10-09 06:47:00.886927
https://en.wikipedia.org/wiki/Box_turtle,https://en.wikipedia.org/wiki/Turtle,1,2026-10-09 06:47:00.56146,2026-10-09 06:47:00.889865
https://en.wikipedia.org/wiki/Brackish_water,https://en.wikipedia.org/wiki/Turtle,1,2026-10-09 06:47:00.561071,2026-10-09 06:47:00.886969
https://en.wikipedia.org/wiki/Bradysaurus,https://en.wikipedia.org/wiki/Turtle,1,2026-10-09 06:47:00.474444,2026-10-09 06:47:00.520827
https://en.wikipedia.org/wiki/Brahminy_river_turtle,https://en.wikipedia.org/wiki/Turtle,1,2026-10-09 06:47:00.473045,2026-10-09 06:47:00.512727
https://en.wikipedia.org/wiki/Brontochelys,https://en.wikipedia.org/wiki/Turtle,1,2026-10-09 06:47:00.515516,2026-10-09 06:47:00.696936
https://en.wikipedia.org/wiki/Brumation,https://en.wikipedia.org/wiki/Turtle,1,2026-10-09 06:47:00.567401,2026-10-09 06:47:00.914333
https://en.wikipedia.org/wiki/Buffer_solution,https://en.wikipedia.org/wiki/Turtle,1,2026-10-09 06:47:00.526546,2026-10-09 06:47:00.733308
https://en.wikipedia.org/wiki/Bycatch,https://en.wikipedia.org/wiki/Turtle,1,2026-10-09 06:47:00.538938,2026-10-09 06:47:00.781527
https://en.wikipedia.org/wiki/Calcarichelys,https://en.wikipedia.org/wiki/Turtle,1,2026-10-09 06:47:00.505236,2026-10-09 06:47:00.653292
https://en.wikipedia.org/wiki/Cambrian,https://en.wikipedia.org/wiki/Turtle,1,2026-10-09 06:47:00.530318,2026-10-09 06:47:00.746642
https://en.wikipedia.org/wiki/Camouflage,https://en.wikipedia.org/wiki/Turtle,1,2026-10-09 06:47:00.496778,2026-10-09 06:47:00.618321
https://en.wikipedia.org/wiki/Cane_turtle,https://en.wikipedia.org/wiki/Turtle,1,2026-10-09 06:47:00.464165,2026-10-09 06:47:00.475372
https://en.wikipedia.org/wiki/Caninemys,https://en.wikipedia.org/wiki/Turtle,1,2026-10-09 06:47:00.496644,2026-10-09 06:47:00.618339
https://en.wikipedia.org/wiki/Carbon_dioxide,https://en.wikipedia.org/wiki/Turtle,1,2026-10-09 06:47:00.520022,2026-10-09 06:47:00.710283
https://en.wikipedia.org/wiki/Carbonemys,https://en.wikipedia.org/wiki/Turtle,1,2026-10-09 06:47:00.551944,2026-10-09 06:47:00.833544
https://en.wikipedia.org/wiki/Carboniferous,https://en.wikipedia.org/wiki/Turtle,1,2026-10-09 06:47:00.549103,2026-10-09 06:47:00.822138
https://en.wikipedia.org/wiki/Carettochelyidae,https://en.wikipedia.org/wiki/Turtle,1,2026-10-09 06:47:00.540555,2026-10-09 06:47:00.786773
https://en.wikipedia.org/wiki/Caribemys,https://en.wikipedia.org/wiki/Turtle,1,2026-10-09 06:47:00.508627,2026-10-09 06:47:00.667106
https://en.wikipedia.org/wiki/Caririemys,https://en.wikipedia.org/wiki/Turtle,1,2026-10-09 06:47:00.514163,2026-10-09 06:47:00.692677
https://en.wikipedia.org/wiki/Carnivore,https://en.wikipedia.org/wiki/Turtle,1,2026-10-09 06:47:00.552348,2026-10-09 06:47:00.835302
https://en.wikipedia.org/wiki/Carolinochelys,https://en.wikipedia.org/wiki/Turtle,1,2026-10-09 06:47:00.550841,2026-10-09 06:47:00.829009
https://en.wikipedia.org/wiki/Caspian_turtle,https://en.wikipedia.org/wiki/Turtle,1,2026-10-09 06:47:00.550381,2026-10-09 06:47:00.826627
https://en.wikipedia.org/wiki/Catalogue_of_Life,https://en.wikipedia.org/wiki/Turtle,1,2026-10-09 06:47:00.556636,2026-10-09 06:47:00.86859
https://en.wikipedia.org/wiki/Cearachelys,https://en.wikipedia.org/wiki/Turtle,1,2026-10-09 06:47:00.475208,2026-10-09 06:47:00.524623
https://en.wikipedia.org/wiki/Cenozoic,https://en.wikipedia.org/wiki/Turtle,1,2026-10-09 06:47:00.545282,2026-10-09 06:47:00.806326
https://en.wikipedia.org/wiki/Centrochelys,https://en.wikipedia.org/wiki/Turtle,1,2026-10-09 06:47:00.530504,2026-10-09 06:47:00.746633
https://en.wikipedia.org/wiki/Cephalochordate,https://en.wikipedia.org/wiki/Turtle,1,2026-10-09 06:47:00.494371,2026-10-09 06:47:00.609354
https://en.wikipedia.org/wiki/Cerrejonemys,https://en.wikipedia.org/wiki/Turtle,1,2026-10-09 06:47:00.469781,2026-10-09 06:47:00.499787
https://en.wikipedia.org/wiki/Cervical_vertebrae,https://en.wikipedia.org/wiki/Turtle,1,2026-10-09 06:47:00.563935,2026-10-09 06:47:00.900743
https://en.wikipedia.org/wiki/Charles_Darwin,https://en.wikipedia.org/wiki/Turtle,1,2026-10-09 06:47:00.544324,2026-10-09 06:47:00.801588
https://en.wikipedia.org/wiki/Chedighaii,https://en.wikipedia.org/wiki/Turtle,1,2026-10-09 06:47:00.567629,2026-10-09 06:47:00.914361
https://en.wikipedia.org/wiki/Chelidae,https://en.wikipedia.org/wiki/Turtle,1,2026-10-09 06:47:00.553694,2026-10-09 06:47:00.849113
https://en.wikipedia.org/wiki/Chelodina,https://en.wikipedia.org/wiki/Turtle,1,2026-10-09 06:47:00.565976,2026-10-09 06:47:00.90757
https://en.wikipedia.org/wiki/Chelodina_expansa,https://en.wikipedia.org/wiki/Turtle,1,2026-10-09 06:47:00.512859,2026-10-09 06:47:00.686874
https://en.wikipedia.org/wiki/Chelonian_(disambiguation),https://en.wikipedia.org/wiki/Turtle,1,2026-10-09 06:47:00.473787,2026-10-09 06:47:00.516837
https://en.wikipedia.org/wiki/Cheloniidae,https://en.wikipedia.org/wiki/Turtle,1,2026-10-09 06:47:00.498765,2026-10-09 06:47:00.627548
https://en.wikipedia.org/wiki/Chelonioidea,https://en.wikipedia.org/wiki/Turtle,1,2026-10-09 06:47:00.558571,2026-10-09 06:47:00.877766
https://en.wikipedia.org/wiki/Chelonoidis,https://en.wikipedia.org/wiki/Turtle,1,2026-10-09 06:47:00.555239,2026-10-09 06:47:00.860046
https://en.wikipedia.org/wiki/Chelydra,https://en.wikipedia.org/wiki/Turtle,1,2026-10-09 06:47:00.50877,2026-10-09 06:47:00.668243
https://en.wikipedia.org/wiki/Chelydra_serpentina,https://en.wikipedia.org/wiki/Turtle,1,2026-10-09 06:47:00.524813,2026-10-09 06:47:00.727562
https://en.wikipedia.org/wiki/Chelydridae,https://en.wikipedia.org/wiki/Turtle,1,2026-10-09 06:47:00.487904,2026-10-09 06:47:00.583534
https://en.wikipedia.org/wiki/Chelydroidea,https://en.wikipedia.org/wiki/Turtle,1,2026-10-09 06:47:00.556491,2026-10-09 06:47:00.867046
https://en.wikipedia.org/wiki/Chelydrops,https://en.wikipedia.org/wiki/Turtle,1,2026-10-09 06:47:00.560127,2026-10-09 06:47:00.882531
https://en.wikipedia.org/wiki/Chelydropsis,https://en.wikipedia.org/wiki/Turtle,1,2026-10-09 06:47:00.548156,2026-10-09 06:47:00.81833
https://en.wikipedia.org/wiki/Chelys,https://en.wikipedia.org/wiki/Turtle,1,2026-10-09 06:47:00.51538,2026-10-09 06:47:00.696917
https://en.wikipedia.org/wiki/Cherokee,https://en.wikipedia.org/wiki/Turtle,1,2026-10-09 06:47:00.475773,2026-10-09 06:47:00.527421
https://en.wikipedia.org/wiki/Chersobius_signatus,https://en.wikipedia.org/wiki/Turtle,1,2026-10-09 06:47:00.535499,2026-10-09 06:47:00.769373
https://en.wikipedia.org/wiki/China,https://en.wikipedia.org/wiki/Turtle,1,2026-10-09 06:47:00.491319,2026-10-09 06:47:00.59872
https://en.wikipedia.org/wiki/Chinese_softshell_turtle,https://en.wikipedia.org/wiki/Turtle,1,2026-10-09 06:47:00.519235,2026-10-09 06:47:00.708106
https://en.wikipedia.org/wiki/Chitra_(turtle),https://en.wikipedia.org/wiki/Turtle,1,2026-10-09 06:47:00.521726,2026-10-09 06:47:00.716007
https://en.wikipedia.org/wiki/Chondrichthyes,https://en.wikipedia.org/wiki/Turtle,1,2026-10-09 06:47:00.522433,2026-10-09 06:47:00.718284
https://en.wikipedia.org/wiki/Chordate,https://en.wikipedia.org/wiki/Turtle,1,2026-10-09 06:47:00.567131,2026-10-09 06:47:00.912074
https://en.wikipedia.org/wiki/Chrysemys,https://en.wikipedia.org/wiki/Turtle,1,2026-10-09 06:47:00.479461,2026-10-09 06:47:00.544064
https://en.wikipedia.org/wiki/Chupacabrachelys,https://en.wikipedia.org/wiki/Turtle,1,2026-10-09 06:47:00.484334,2026-10-09 06:47:00.567888
https://en.wikipedia.org/wiki/Cinnamaldehyde,https://en.wikipedia.org/wiki/Turtle,1,2026-10-09 06:47:00.496072,2026-10-09 06:47:00.616225
https://en.wikipedia.org/wiki/Circulatory_system,https://en.wikipedia.org/wiki/Turtle,1,2026-10-09 06:47:00.467368,2026-10-09 06:47:00.489304
https://en.wikipedia.org/wiki/Circumlunar_trajectory,https://en.wikipedia.org/wiki/Turtle,1,2026-10-09 06:47:00.567002,2026-10-09 06:47:00.912119
https://en.wikipedia.org/wiki/CITES,https://en.wikipedia.org/wiki/Turtle,1,2026-10-09 06:47:00.555675,2026-10-09 06:47:00.861409
https://en.wikipedia.org/wiki/Cladogram,https://en.wikipedia.org/wiki/Turtle,1,2026-10-09 06:47:00.570869,2026-10-09 06:47:00.927815
https://en.wikipedia.org/wiki/Clemmys,https://en.wikipedia.org/wiki/Turtle,1,2026-10-09 06:47:00.478187,2026-10-09 06:47:00.539046
https://en.wikipedia.org/wiki/Climate_change,https://en.wikipedia.org/wiki/Turtle,1,2026-10-09 06:47:00.549584,2026-10-09 06:47:00.824353
https://en.wikipedia.org/wiki/Cloaca,https://en.wikipedia.org/wiki/Turtle,1,2026-10-09 06:47:00.523399,2026-10-09 06:47:00.721753
https://en.wikipedia.org/wiki/Clutch_(eggs),https://en.wikipedia.org/wiki/Turtle,1,2026-10-09 06:47:00.466676,2026-10-09 06:47:00.486917
https://en.wikipedia.org/wiki/Coelomic_cavity,https://en.wikipedia.org/wiki/Turtle,1,2026-10-09 06:47:00.474185,2026-10-09 06:47:00.519499
https://en.wikipedia.org/wiki/Common_name,https://en.wikipedia.org/wiki/Turtle,1,2026-10-09 06:47:00.555845,2026-10-09 06:47:00.8643
https://en.wikipedia.org/wiki/Common_snapping_turtle,https://en.wikipedia.org/wiki/Turtle,1,2026-10-09 06:47:00.562996,2026-10-09 06:47:00.89589
https://en.wikipedia.org/wiki/Cone_cell,https://en.wikipedia.org/wiki/Turtle,1,2026-10-09 06:47:00.528912,2026-10-09 06:47:00.742264
https://en.wikipedia.org/wiki/Confucianism,https://en.wikipedia.org/wiki/Turtle,1,2026-10-09 06:47:00.501843,2026-10-09 06:47:00.6391
https://en.wikipedia.org/wiki/Connective_tissue,https://en.wikipedia.org/wiki/Turtle,1,2026-10-09 06:47:00.55356,2026-10-09 06:47:00.849096
https://en.wikipedia.org/wiki/Constipation,https://en.wikipedia.org/wiki/Turtle,1,2026-10-09 06:47:00.532503,2026-10-09 06:47:00.755251
https://en.wikipedia.org/wiki/Coracoid,https://en.wikipedia.org/wiki/Turtle,1,2026-10-09 06:47:00.49806,2026-10-09 06:47:00.624045
https://en.wikipedia.org/wiki/Cordichelys,https://en.wikipedia.org/wiki/Turtle,1,2026-10-09 06:47:00.564988,2026-10-09 06:47:00.904235
https://en.wikipedia.org/wiki/Cornea,https://en.wikipedia.org/wiki/Turtle,1,2026-10-09 06:47:00.468474,2026-10-09 06:47:00.494874
https://en.wikipedia.org/wiki/Corsochelys,https://en.wikipedia.org/wiki/Turtle,1,2026-10-09 06:47:00.484234,2026-10-09 06:47:00.566681
https://en.wikipedia.org/wiki/Cosmochelys,https://en.wikipedia.org/wiki/Turtle,1,2026-10-09 06:47:00.473212,2026-10-09 06:47:00.51393
https://en.wikipedia.org/wiki/Countercurrent_heat_exchange,https://en.wikipedia.org/wiki/Turtle,1,2026-10-09 06:47:00.539471,2026-10-09 06:47:00.783596
https://en.wikipedia.org/wiki/Courtship_display,https://en.wikipedia.org/wiki/Turtle,1,2026-10-09 06:47:00.52702,2026-10-09 06:47:00.735258
https://en.wikipedia.org/wiki/Craig_Pittman_(writer),https://en.wikipedia.org/wiki/Turtle,1,2026-10-09 06:47:00.54945,2026-10-09 06:47:00.823335
https://en.wikipedia.org/wiki/Cratochelone,https://en.wikipedia.org/wiki/Turtle,1,2026-10-09 06:47:00.524386,2026-10-09 06:47:00.7254
https://en.wikipedia.org/wiki/Creation_story,https://en.wikipedia.org/wiki/Turtle,1,2026-10-09 06:47:00.550974,2026-10-09 06:47:00.829036
https://en.wikipedia.org/wiki/Crested_caracara,https://en.wikipedia.org/wiki/Turtle,1,2026-10-09 06:47:00.528093,2026-10-09 06:47:00.738744
https://en.wikipedia.org/wiki/Cretaceous,https://en.wikipedia.org/wiki/Turtle,1,2026-10-09 06:47:00.468344,2026-10-09 06:47:00.493951
https://en.wikipedia.org/wiki/Cretaceous-Tertiary_extinction,https://en.wikipedia.org/wiki/Turtle,1,2026-10-09 06:47:00.53523,2026-10-09 06:47:00.767338
https://en.wikipedia.org/wiki/Crocodilia,https://en.wikipedia.org/wiki/Turtle,1,2026-10-09 06:47:00.495439,2026-10-09 06:47:00.612915
https://en.wikipedia.org/wiki/Crocodilian,https://en.wikipedia.org/wiki/Turtle,1,2026-10-09 06:47:00.511794,2026-10-09 06:47:00.682686
https://en.wikipedia.org/wiki/Crocodylia,https://en.wikipedia.org/wiki/Turtle,1,2026-10-09 06:47:00.480446,2026-10-09 06:47:00.549738
https://en.wikipedia.org/wiki/Cryptodira,https://en.wikipedia.org/wiki/Turtle,1,2026-10-09 06:47:00.492003,2026-10-09 06:47:00.600992
https://en.wikipedia.org/wiki/Ctenochelys,https://en.wikipedia.org/wiki/Turtle,1,2026-10-09 06:47:00.480561,2026-10-09 06:47:00.549845
https://en.wikipedia.org/wiki/Cultural_depictions_of_turtles,https://en.wikipedia.org/wiki/Turtle,1,2026-10-09 06:47:00.554233,2026-10-09 06:47:00.853283
https://en.wikipedia.org/wiki/Current_Biology,https://en.wikipedia.org/wiki/Turtle,1,2026-10-09 06:47:00.512179,2026-10-09 06:47:00.684664
https://en.wikipedia.org/wiki/Cyclanorbis,https://en.wikipedia.org/wiki/Turtle,1,2026-10-09 06:47:00.539632,2026-10-09 06:47:00.783591
https://en.wikipedia.org/wiki/Cyclemys,https://en.wikipedia.org/wiki/Turtle,1,2026-10-09 06:47:00.50472,2026-10-09 06:47:00.65136
https://en.wikipedia.org/wiki/Cycloderma,https://en.wikipedia.org/wiki/Turtle,1,2026-10-09 06:47:00.569274,2026-10-09 06:47:00.920897
https://en.wikipedia.org/wiki/Cyclostomata,https://en.wikipedia.org/wiki/Turtle,1,2026-10-09 06:47:00.507797,2026-10-09 06:47:00.664154
https://en.wikipedia.org/wiki/Cylindraspis,https://en.wikipedia.org/wiki/Turtle,1,2026-10-09 06:47:00.56994,2026-10-09 06:47:00.924317
https://en.wikipedia.org/wiki/Cymatholcus?action=edit&redlink=1,https://en.wikipedia.org/wiki/Turtle,1,2026-10-09 06:47:00.49792,2026-10-09 06:47:00.624028
https://en.wikipedia.org/wiki/Deirochelys,https://en.wikipedia.org/wiki/Turtle,1,2026-10-09 06:47:00.532681,2026-10-09 06:47:00.756816
https://en.wikipedia.org/wiki/Dermatemydidae,https://en.wikipedia.org/wiki/Turtle,1,2026-10-09 06:47:00.471576,2026-10-09 06:47:00.508165
https://en.wikipedia.org/wiki/Dermis,https://en.wikipedia.org/wiki/Turtle,1,2026-10-09 06:47:00.503589,2026-10-09 06:47:00.645689
https://en.wikipedia.org/wiki/Dermochelyidae,https://en.wikipedia.org/wiki/Turtle,1,2026-10-09 06:47:00.498945,2026-10-09 06:47:00.627551
https://en.wikipedia.org/wiki/Desert_tortoise,https://en.wikipedia.org/wiki/Turtle,1,2026-10-09 06:47:00.567796,2026-10-09 06:47:00.915443
https://en.wikipedia.org/wiki/Desmatochelys,https://en.wikipedia.org/wiki/Turtle,1,2026-10-09 06:47:00.571153,2026-10-09 06:47:00.930042
https://en.wikipedia.org/wiki/Deuterostome,https://en.wikipedia.org/wiki/Turtle,1,2026-10-09 06:47:00.500526,2026-10-09 06:47:00.633865
https://en.wikipedia.org/wiki/Devonian,https://en.wikipedia.org/wiki/Turtle,1,2026-10-09 06:47:00.470317,2026-10-09 06:47:00.502121
https://en.wikipedia.org/wiki/Diamondback_terrapin,https://en.wikipedia.org/wiki/Turtle,1,2026-10-09 06:47:00.540721,2026-10-09 06:47:00.787959
https://en.wikipedia.org/wiki/Diapsid,https://en.wikipedia.org/wiki/Turtle,1,2026-10-09 06:47:00.547083,2026-10-09 06:47:00.814531
https://en.wikipedia.org/wiki/Diapsida,https://en.wikipedia.org/wiki/Turtle,1,2026-10-09 06:47:00.516727,2026-10-09 06:47:00.701331
https://en.wikipedia.org/wiki/Diego_(tortoise),https://en.wikipedia.org/wiki/Turtle,1,2026-10-09 06:47:00.500667,2026-10-09 06:47:00.634919
https://en.wikipedia.org/wiki/Discover_(magazine),https://en.wikipedia.org/wiki/Turtle,1,2026-10-09 06:47:00.55791,2026-10-09 06:47:00.874224
https://en.wikipedia.org/wiki/Discworld,https://en.wikipedia.org/wiki/Turtle,1,2026-10-09 06:47:00.548968,2026-10-09 06:47:00.82208
https://en.wikipedia.org/wiki/Doi_(identifier),https://en.wikipedia.org/wiki/Turtle,1,2026-10-09 06:47:00.531091,2026-10-09 06:47:00.74887
https://en.wikipedia.org/wiki/Dominance_hierarchy,https://en.wikipedia.org/wiki/Turtle,1,2026-10-09 06:47:00.532153,2026-10-09 06:47:00.753362
https://en.wikipedia.org/wiki/Drag_(physics),https://en.wikipedia.org/wiki/Turtle,1,2026-10-09 06:47:00.465707,2026-10-09 06:47:00.483474
https://en.wikipedia.org/wiki/Drainage_basin,https://en.wikipedia.org/wiki/Turtle,1,2026-10-09 06:47:00.505617,2026-10-09 06:47:00.654452
https://en.wikipedia.org/wiki/Drazinderetes,https://en.wikipedia.org/wiki/Turtle,1,2026-10-09 06:47:00.538295,2026-10-09 06:47:00.778653
https://en.wikipedia.org/wiki/Drum_line_(shark_control),https://en.wikipedia.org/wiki/Turtle,1,2026-10-09 06:47:00.485845,2026-10-09 06:47:00.57408
https://en.wikipedia.org/wiki/Drum_roll,https://en.wikipedia.org/wiki/Turtle,1,2026-10-09 06:47:00.50036,2026-10-09 06:47:00.632558
https://en.wikipedia.org/wiki/Durophagy,https://en.wikipedia.org/wiki/Turtle,1,2026-10-09 06:47:00.462664,2026-10-09 06:47:00.46698
https://en.wikipedia.org/wiki/Eardrum,https://en.wikipedia.org/wiki/Turtle,1,2026-10-09 06:47:00.518979,2026-10-09 06:47:00.708104
https://en.wikipedia.org/wiki/Early_Cretaceous,https://en.wikipedia.org/wiki/Turtle,1,2026-10-09 06:47:00.474055,2026-10-09 06:47:00.517922
https://en.wikipedia.org/wiki/Earth's_magnetic_field,https://en.wikipedia.org/wiki/Turtle,1,2026-10-09 06:47:00.482511,2026-10-09 06:47:00.558788
https://en.wikipedia.org/wiki/Eastern_box_turtle,https://en.wikipedia.org/wiki/Turtle,1,2026-10-09 06:47:00.500164,2026-10-09 06:47:00.631309
https://en.wikipedia.org/wiki/Ectotherm,https://en.wikipedia.org/wiki/Turtle,1,2026-10-09 06:47:00.46255,2026-10-09 06:47:00.466877
https://en.wikipedia.org/wiki/Egg,https://en.wikipedia.org/wiki/Turtle,1,2026-10-09 06:47:00.506431,2026-10-09 06:47:00.658687
https://en.wikipedia.org/wiki/Egg_tooth,https://en.wikipedia.org/wiki/Turtle,1,2026-10-09 06:47:00.505107,2026-10-09 06:47:00.652214
https://en.wikipedia.org/wiki/Elastin,https://en.wikipedia.org/wiki/Turtle,1,2026-10-09 06:47:00.55303,2026-10-09 06:47:00.840531
https://en.wikipedia.org/wiki/Elseya,https://en.wikipedia.org/wiki/Turtle,1,2026-10-09 06:47:00.562358,2026-10-09 06:47:00.893694
https://en.wikipedia.org/wiki/Emarginachelys,https://en.wikipedia.org/wiki/Turtle,1,2026-10-09 06:47:00.508482,2026-10-09 06:47:00.667125
https://en.wikipedia.org/wiki/Embryogenesis,https://en.wikipedia.org/wiki/Turtle,1,2026-10-09 06:47:00.543377,2026-10-09 06:47:00.79844
https://en.wikipedia.org/wiki/Embryonic_diapause,https://en.wikipedia.org/wiki/Turtle,1,2026-10-09 06:47:00.550565,2026-10-09 06:47:00.827888
https://en.wikipedia.org/wiki/Emydidae,https://en.wikipedia.org/wiki/Turtle,1,2026-10-09 06:47:00.552782,2026-10-09 06:47:00.838972
https://en.wikipedia.org/wiki/Emydoidea,https://en.wikipedia.org/wiki/Turtle,1,2026-10-09 06:47:00.568619,2026-10-09 06:47:00.918707
https://en.wikipedia.org/wiki/Emydura,https://en.wikipedia.org/wiki/Turtle,1,2026-10-09 06:47:00.534134,2026-10-09 06:47:00.762938
https://en.wikipedia.org/wiki/Emys,https://en.wikipedia.org/wiki/Turtle,1,2026-10-09 06:47:00.506115,2026-10-09 06:47:00.656612
https://en.wikipedia.org/wiki/Encyclopedia_of_Life,https://en.wikipedia.org/wiki/Turtle,1,2026-10-09 06:47:00.518812,2026-10-09 06:47:00.70805
https://en.wikipedia.org/wiki/English_cuisine,https://en.wikipedia.org/wiki/Turtle,1,2026-10-09 06:47:00.466353,2026-10-09 06:47:00.486868
https://en.wikipedia.org/wiki/Enki,https://en.wikipedia.org/wiki/Turtle,1,2026-10-09 06:47:00.491459,2026-10-09 06:47:00.599953
https://en.wikipedia.org/wiki/Enteral_respiration,https://en.wikipedia.org/wiki/Turtle,1,2026-10-09 06:47:00.520779,2026-10-09 06:47:00.712656
https://en.wikipedia.org/wiki/Enterogona,https://en.wikipedia.org/wiki/Turtle,1,2026-10-09 06:47:00.499484,2026-10-09 06:47:00.630157
https://en.wikipedia.org/wiki/Eocene,https://en.wikipedia.org/wiki/Turtle,1,2026-10-09 06:47:00.488478,2026-10-09 06:47:00.586964
https://en.wikipedia.org/wiki/Eocene-Oligocene_boundary,https://en.wikipedia.org/wiki/Turtle,1,2026-10-09 06:47:00.48291,2026-10-09 06:47:00.561093
https://en.wikipedia.org/wiki/Eochelone,https://en.wikipedia.org/wiki/Turtle,1,2026-10-09 06:47:00.524259,2026-10-09 06:47:00.725404
https://en.wikipedia.org/wiki/Eorhynchochelys,https://en.wikipedia.org/wiki/Turtle,1,2026-10-09 06:47:00.464951,2026-10-09 06:47:00.478599
https://en.wikipedia.org/wiki/Eosphargis,https://en.wikipedia.org/wiki/Turtle,1,2026-10-09 06:47:00.548699,2026-10-09 06:47:00.820861
https://en.wikipedia.org/wiki/Eotaphrosphys,https://en.wikipedia.org/wiki/Turtle,1,2026-10-09 06:47:00.528267,2026-10-09 06:47:00.7399
https://en.wikipedia.org/wiki/Epidermal,https://en.wikipedia.org/wiki/Turtle,1,2026-10-09 06:47:00.525632,2026-10-09 06:47:00.729891
https://en.wikipedia.org/wiki/EPPO_Code,https://en.wikipedia.org/wiki/Turtle,1,2026-10-09 06:47:00.464822,2026-10-09 06:47:00.478596
https://en.wikipedia.org/wiki/Etymonline,https://en.wikipedia.org/wiki/Turtle,1,2026-10-09 06:47:00.548566,2026-10-09 06:47:00.819511
https://en.wikipedia.org/wiki/Euclastes,https://en.wikipedia.org/wiki/Turtle,1,2026-10-09 06:47:00.513726,2026-10-09 06:47:00.690757
https://en.wikipedia.org/wiki/Eunotosaurus,https://en.wikipedia.org/wiki/Turtle,1,2026-10-09 06:47:00.563532,2026-10-09 06:47:00.89835
https://en.wikipedia.org/wiki/European_pond_turtle,https://en.wikipedia.org/wiki/Turtle,1,2026-10-09 06:47:00.498528,2026-10-09 06:47:00.626435
https://en.wikipedia.org/wiki/Euteleostomi,https://en.wikipedia.org/wiki/Turtle,1,2026-10-09 06:47:00.476671,2026-10-09 06:47:00.531946
https://en.wikipedia.org/wiki/Evolutionary_grade,https://en.wikipedia.org/wiki/Turtle,1,2026-10-09 06:47:00.519813,2026-10-09 06:47:00.710312
https://en.wikipedia.org/wiki/Extant_taxon,https://en.wikipedia.org/wiki/Turtle,1,2026-10-09 06:47:00.503154,2026-10-09 06:47:00.643495
https://en.wikipedia.org/wiki/Family_(taxonomy),https://en.wikipedia.org/wiki/Turtle,1,2026-10-09 06:47:00.490672,2026-10-09 06:47:00.59535
https://en.wikipedia.org/wiki/Female_sperm_storage,https://en.wikipedia.org/wiki/Turtle,1,2026-10-09 06:47:00.509292,2026-10-09 06:47:00.670333
https://en.wikipedia.org/wiki/FGF10,https://en.wikipedia.org/wiki/Turtle,1,2026-10-09 06:47:00.549264,2026-10-09 06:47:00.823221
https://en.wikipedia.org/wiki/Fibroblast_growth_factor,https://en.wikipedia.org/wiki/Turtle,1,2026-10-09 06:47:00.545696,2026-10-09 06:47:00.807481
https://en.wikipedia.org/wiki/Filter_feed,https://en.wikipedia.org/wiki/Turtle,1,2026-10-09 06:47:00.463606,2026-10-09 06:47:00.471215
https://en.wikipedia.org/wiki/Flatback_sea_turtle,https://en.wikipedia.org/wiki/Turtle,1,2026-10-09 06:47:00.558736,2026-10-09 06:47:00.877818
https://en.wikipedia.org/wiki/Florida_Fish_and_Wildlife_Conservation_Commission,https://en.wikipedia.org/wiki/Turtle,1,2026-10-09 06:47:00.521152,2026-10-09 06:47:00.713651
https://en.wikipedia.org/wiki/Florida_red-bellied_cooter,https://en.wikipedia.org/wiki/Turtle,1,2026-10-09 06:47:00.531244,2026-10-09 06:47:00.749902
https://en.wikipedia.org/wiki/Floridemys?action=edit&redlink=1,https://en.wikipedia.org/wiki/Turtle,1,2026-10-09 06:47:00.539075,2026-10-09 06:47:00.781527
https://en.wikipedia.org/wiki/Fossorial,https://en.wikipedia.org/wiki/Turtle,1,2026-10-09 06:47:00.509947,2026-10-09 06:47:00.673612
https://en.wikipedia.org/wiki/Four_Symbols,https://en.wikipedia.org/wiki/Turtle,1,2026-10-09 06:47:00.546564,2026-10-09 06:47:00.812093
https://en.wikipedia.org/wiki/Foxemys,https://en.wikipedia.org/wiki/Turtle,1,2026-10-09 06:47:00.541753,2026-10-09 06:47:00.790315
https://en.wikipedia.org/wiki/French_language,https://en.wikipedia.org/wiki/Turtle,1,2026-10-09 06:47:00.530676,2026-10-09 06:47:00.747679
https://en.wikipedia.org/wiki/Galápagos_tortoise,https://en.wikipedia.org/wiki/Turtle,1,2026-10-09 06:47:00.533908,2026-10-09 06:47:00.762891
https://en.wikipedia.org/wiki/Galianemys,https://en.wikipedia.org/wiki/Turtle,1,2026-10-09 06:47:00.471032,2026-10-09 06:47:00.50578
https://en.wikipedia.org/wiki/Gamera,https://en.wikipedia.org/wiki/Turtle,1,2026-10-09 06:47:00.52097,2026-10-09 06:47:00.712691
https://en.wikipedia.org/wiki/Garhwa,https://en.wikipedia.org/wiki/Turtle,1,2026-10-09 06:47:00.559729,2026-10-09 06:47:00.881185
https://en.wikipedia.org/wiki/Gary_Snyder,https://en.wikipedia.org/wiki/Turtle,1,2026-10-09 06:47:00.463459,2026-10-09 06:47:00.471174
https://en.wikipedia.org/wiki/Gastralia,https://en.wikipedia.org/wiki/Turtle,1,2026-10-09 06:47:00.529207,2026-10-09 06:47:00.742295
https://en.wikipedia.org/wiki/Generalist_and_specialist_species,https://en.wikipedia.org/wiki/Turtle,1,2026-10-09 06:47:00.546233,2026-10-09 06:47:00.809818
https://en.wikipedia.org/wiki/Genomic,https://en.wikipedia.org/wiki/Turtle,1,2026-10-09 06:47:00.534408,2026-10-09 06:47:00.765009
https://en.wikipedia.org/wiki/Genus,https://en.wikipedia.org/wiki/Turtle,1,2026-10-09 06:47:00.498416,2026-10-09 06:47:00.624934
https://en.wikipedia.org/wiki/Geochelone,https://en.wikipedia.org/wiki/Turtle,1,2026-10-09 06:47:00.539849,2026-10-09 06:47:00.784592
https://en.wikipedia.org/wiki/Geoemyda,https://en.wikipedia.org/wiki/Turtle,1,2026-10-09 06:47:00.486443,2026-10-09 06:47:00.577971
https://en.wikipedia.org/wiki/Geoemydidae,https://en.wikipedia.org/wiki/Turtle,1,2026-10-09 06:47:00.468082,2026-10-09 06:47:00.492785
https://en.wikipedia.org/wiki/Gigantatypus,https://en.wikipedia.org/wiki/Turtle,1,2026-10-09 06:47:00.472364,2026-10-09 06:47:00.510438
https://en.wikipedia.org/wiki/Gigantochelys,https://en.wikipedia.org/wiki/Turtle,1,2026-10-09 06:47:00.511239,2026-10-09 06:47:00.679653
https://en.wikipedia.org/wiki/Gillnetting,https://en.wikipedia.org/wiki/Turtle,1,2026-10-09 06:47:00.562795,2026-10-09 06:47:00.895913
https://en.wikipedia.org/wiki/Gilmoremys,https://en.wikipedia.org/wiki/Turtle,1,2026-10-09 06:47:00.560425,2026-10-09 06:47:00.884734
https://en.wikipedia.org/wiki/Glarichelys,https://en.wikipedia.org/wiki/Turtle,1,2026-10-09 06:47:00.529045,2026-10-09 06:47:00.742267
https://en.wikipedia.org/wiki/Global_Biodiversity_Information_Facility,https://en.wikipedia.org/wiki/Turtle,1,2026-10-09 06:47:00.531401,2026-10-09 06:47:00.750991
https://en.wikipedia.org/wiki/Glottis,https://en.wikipedia.org/wiki/Turtle,1,2026-10-09 06:47:00.561201,2026-10-09 06:47:00.886973
https://en.wikipedia.org/wiki/Glyptemys,https://en.wikipedia.org/wiki/Turtle,1,2026-10-09 06:47:00.496379,2026-10-09 06:47:00.616282
https://en.wikipedia.org/wiki/Gnathostomata,https://en.wikipedia.org/wiki/Turtle,1,2026-10-09 06:47:00.476403,2026-10-09 06:47:00.530133
https://en.wikipedia.org/wiki/Gopher_tortoise,https://en.wikipedia.org/wiki/Turtle,1,2026-10-09 06:47:00.497049,2026-10-09 06:47:00.619275
https://en.wikipedia.org/wiki/Gopherus,https://en.wikipedia.org/wiki/Turtle,1,2026-10-09 06:47:00.555954,2026-10-09 06:47:00.864314
https://en.wikipedia.org/wiki/Grand_Terre_Island,https://en.wikipedia.org/wiki/Turtle,1,2026-10-09 06:47:00.469525,2026-10-09 06:47:00.498498
https://en.wikipedia.org/wiki/Graptemys,https://en.wikipedia.org/wiki/Turtle,1,2026-10-09 06:47:00.563134,2026-10-09 06:47:00.89696
https://en.wikipedia.org/wiki/Green_sea_turtle,https://en.wikipedia.org/wiki/Turtle,1,2026-10-09 06:47:00.484002,2026-10-09 06:47:00.565835
https://en.wikipedia.org/wiki/Guilinggao,https://en.wikipedia.org/wiki/Turtle,1,2026-10-09 06:47:00.5194,2026-10-09 06:47:00.709149
https://en.wikipedia.org/wiki/Gulf_of_Mexico,https://en.wikipedia.org/wiki/Turtle,1,2026-10-09 06:47:00.52937,2026-10-09 06:47:00.743423
https://en.wikipedia.org/wiki/Gus_(tortoise),https://en.wikipedia.org/wiki/Turtle,1,2026-10-09 06:47:00.568503,2026-10-09 06:47:00.918672
https://en.wikipedia.org/wiki/Habitat_destruction,https://en.wikipedia.org/wiki/Turtle,1,2026-10-09 06:47:00.510323,2026-10-09 06:47:00.67465
https://en.wikipedia.org/wiki/Hadrianus_(turtle),https://en.wikipedia.org/wiki/Turtle,1,2026-10-09 06:47:00.559575,2026-10-09 06:47:00.88012
https://en.wikipedia.org/wiki/Hagfish,https://en.wikipedia.org/wiki/Turtle,1,2026-10-09 06:47:00.466093,2026-10-09 06:47:00.484606
https://en.wikipedia.org/wiki/Han_period,https://en.wikipedia.org/wiki/Turtle,1,2026-10-09 06:47:00.515243,2026-10-09 06:47:00.695885
https://en.wikipedia.org/wiki/Harriet_Maxwell_Converse,https://en.wikipedia.org/wiki/Turtle,1,2026-10-09 06:47:00.468602,2026-10-09 06:47:00.49488
https://en.wikipedia.org/wiki/Harriet_(tortoise),https://en.wikipedia.org/wiki/Turtle,1,2026-10-09 06:47:00.555377,2026-10-09 06:47:00.860059
https://en.wikipedia.org/wiki/Hatchery,https://en.wikipedia.org/wiki/Turtle,1,2026-10-09 06:47:00.476963,2026-10-09 06:47:00.533099
https://en.wikipedia.org/wiki/Hawksbill_sea_turtle,https://en.wikipedia.org/wiki/Turtle,1,2026-10-09 06:47:00.522844,2026-10-09 06:47:00.719264
https://en.wikipedia.org/wiki/Hdl_(identifier),https://en.wikipedia.org/wiki/Turtle,1,2026-10-09 06:47:00.553961,2026-10-09 06:47:00.851997
https://en.wikipedia.org/wiki/Henry_Liddell,https://en.wikipedia.org/wiki/Turtle,1,2026-10-09 06:47:00.533141,2026-10-09 06:47:00.758752
https://en.wikipedia.org/wiki/Heosemys,https://en.wikipedia.org/wiki/Turtle,1,2026-10-09 06:47:00.542902,2026-10-09 06:47:00.796016
https://en.wikipedia.org/wiki/Hera,https://en.wikipedia.org/wiki/Turtle,1,2026-10-09 06:47:00.546822,2026-10-09 06:47:00.813351
https://en.wikipedia.org/wiki/Herbivore,https://en.wikipedia.org/wiki/Turtle,1,2026-10-09 06:47:00.503313,2026-10-09 06:47:00.644603
https://en.wikipedia.org/wiki/Hermes,https://en.wikipedia.org/wiki/Turtle,1,2026-10-09 06:47:00.5634,2026-10-09 06:47:00.898274
https://en.wikipedia.org/wiki/Hesperotestudo,https://en.wikipedia.org/wiki/Turtle,1,2026-10-09 06:47:00.488833,2026-10-09 06:47:00.587931
https://en.wikipedia.org/wiki/Hickatee,https://en.wikipedia.org/wiki/Turtle,1,2026-10-09 06:47:00.534929,2026-10-09 06:47:00.767299
https://en.wikipedia.org/wiki/Hindu_mythology,https://en.wikipedia.org/wiki/Turtle,1,2026-10-09 06:47:00.508036,2026-10-09 06:47:00.665048
https://en.wikipedia.org/wiki/Hoan_Kiem_turtle,https://en.wikipedia.org/wiki/Turtle,1,2026-10-09 06:47:00.480956,2026-10-09 06:47:00.552685
https://en.wikipedia.org/wiki/Holocene,https://en.wikipedia.org/wiki/Turtle,1,2026-10-09 06:47:00.524526,2026-10-09 06:47:00.726423
https://en.wikipedia.org/wiki/Homoiotherm,https://en.wikipedia.org/wiki/Turtle,1,2026-10-09 06:47:00.502813,2026-10-09 06:47:00.642577
https://en.wikipedia.org/wiki/Homopus,https://en.wikipedia.org/wiki/Turtle,1,2026-10-09 06:47:00.557638,2026-10-09 06:47:00.872923
https://en.wikipedia.org/wiki/Hoplochelys,https://en.wikipedia.org/wiki/Turtle,1,2026-10-09 06:47:00.483566,2026-10-09 06:47:00.563175
https://en.wikipedia.org/wiki/Hutchemys,https://en.wikipedia.org/wiki/Turtle,1,2026-10-09 06:47:00.526386,2026-10-09 06:47:00.733296
https://en.wikipedia.org/wiki/Hydromedusa,https://en.wikipedia.org/wiki/Turtle,1,2026-10-09 06:47:00.536566,2026-10-09 06:47:00.773018
https://en.wikipedia.org/wiki/Hyperoartia,https://en.wikipedia.org/wiki/Turtle,1,2026-10-09 06:47:00.502408,2026-10-09 06:47:00.641339
https://en.wikipedia.org/wiki/Hyperparathyroidism,https://en.wikipedia.org/wiki/Turtle,1,2026-10-09 06:47:00.536837,2026-10-09 06:47:00.774168
https://en.wikipedia.org/wiki/Hz,https://en.wikipedia.org/wiki/Turtle,1,2026-10-09 06:47:00.464695,2026-10-09 06:47:00.477556
https://en.wikipedia.org/wiki/Ilatardia,https://en.wikipedia.org/wiki/Turtle,1,2026-10-09 06:47:00.490933,2026-10-09 06:47:00.597625
https://en.wikipedia.org/wiki/Imprinting_(psychology),https://en.wikipedia.org/wiki/Turtle,1,2026-10-09 06:47:00.509815,2026-10-09 06:47:00.672492
https://en.wikipedia.org/wiki/Inaechelys,https://en.wikipedia.org/wiki/Turtle,1,2026-10-09 06:47:00.513871,2026-10-09 06:47:00.690775
https://en.wikipedia.org/wiki/INaturalist,https://en.wikipedia.org/wiki/Turtle,1,2026-10-09 06:47:00.483715,2026-10-09 06:47:00.564357
https://en.wikipedia.org/wiki/Indian_flapshell_turtle,https://en.wikipedia.org/wiki/Turtle,1,2026-10-09 06:47:00.527389,2026-10-09 06:47:00.736487
https://en.wikipedia.org/wiki/Indian_softshell_turtle,https://en.wikipedia.org/wiki/Turtle,1,2026-10-09 06:47:00.5148,2026-10-09 06:47:00.694938
https://en.wikipedia.org/wiki/Indian_tent_turtle,https://en.wikipedia.org/wiki/Turtle,1,2026-10-09 06:47:00.46719,2026-10-09 06:47:00.489358
https://en.wikipedia.org/wiki/Indotestudo,https://en.wikipedia.org/wiki/Turtle,1,2026-10-09 06:47:00.484729,2026-10-09 06:47:00.569214
https://en.wikipedia.org/wiki/Insectivorous,https://en.wikipedia.org/wiki/Turtle,1,2026-10-09 06:47:00.506679,2026-10-09 06:47:00.659692
https://en.wikipedia.org/wiki/Integrated_Taxonomic_Information_System,https://en.wikipedia.org/wiki/Turtle,1,2026-10-09 06:47:00.542229,2026-10-09 06:47:00.792987
https://en.wikipedia.org/wiki/Interim_Register_of_Marine_and_Nonmarine_Genera,https://en.wikipedia.org/wiki/Turtle,1,2026-10-09 06:47:00.534798,2026-10-09 06:47:00.766288
https://en.wikipedia.org/wiki/Invasive_species,https://en.wikipedia.org/wiki/Turtle,1,2026-10-09 06:47:00.497185,2026-10-09 06:47:00.62057
https://en.wikipedia.org/wiki/Iroquois,https://en.wikipedia.org/wiki/Turtle,1,2026-10-09 06:47:00.550704,2026-10-09 06:47:00.827945
https://en.wikipedia.org/wiki/ISBN_(identifier),https://en.wikipedia.org/wiki/Turtle,1,2026-10-09 06:47:00.481559,2026-10-09 06:47:00.55496
https://en.wikipedia.org/wiki/Iserosaurus,https://en.wikipedia.org/wiki/Turtle,1,2026-10-09 06:47:00.530836,2026-10-09 06:47:00.748814
https://en.wikipedia.org/wiki/ISSN_(identifier),https://en.wikipedia.org/wiki/Turtle,1,2026-10-09 06:47:00.551514,2026-10-09 06:47:00.830958
https://en.wikipedia.org/wiki/Itapecuruemys,https://en.wikipedia.org/wiki/Turtle,1,2026-10-09 06:47:00.54634,2026-10-09 06:47:00.810947
https://en.wikipedia.org/wiki/Itilochelys,https://en.wikipedia.org/wiki/Turtle,1,2026-10-09 06:47:00.56955,2026-10-09 06:47:00.923266
https://en.wikipedia.org/wiki/Jainemys,https://en.wikipedia.org/wiki/Turtle,1,2026-10-09 06:47:00.48817,2026-10-09 06:47:00.585573
https://en.wikipedia.org/wiki/James_Macartney_(anatomist),https://en.wikipedia.org/wiki/Turtle,1,2026-10-09 06:47:00.470457,2026-10-09 06:47:00.503286
https://en.wikipedia.org/wiki/James_Mallinson_(author),https://en.wikipedia.org/wiki/Turtle,1,2026-10-09 06:47:00.56687,2026-10-09 06:47:00.912025
https://en.wikipedia.org/wiki/Jan_Versluys,https://en.wikipedia.org/wiki/Turtle,1,2026-10-09 06:47:00.479112,2026-10-09 06:47:00.544124
https://en.wikipedia.org/wiki/Jellyfish,https://en.wikipedia.org/wiki/Turtle,1,2026-10-09 06:47:00.554655,2026-10-09 06:47:00.856779
https://en.wikipedia.org/wiki/Jiangxichelys,https://en.wikipedia.org/wiki/Turtle,1,2026-10-09 06:47:00.48127,2026-10-09 06:47:00.552726
https://en.wikipedia.org/wiki/Jonathan_(tortoise),https://en.wikipedia.org/wiki/Turtle,1,2026-10-09 06:47:00.50402,2026-10-09 06:47:00.648297
https://en.wikipedia.org/wiki/JSTOR_(identifier),https://en.wikipedia.org/wiki/Turtle,1,2026-10-09 06:47:00.47116,2026-10-09 06:47:00.505945
https://en.wikipedia.org/wiki/Jurassic,https://en.wikipedia.org/wiki/Turtle,1,2026-10-09 06:47:00.486094,2026-10-09 06:47:00.575216
https://en.wikipedia.org/wiki/Kaiju,https://en.wikipedia.org/wiki/Turtle,1,2026-10-09 06:47:00.553168,2026-10-09 06:47:00.840521
https://en.wikipedia.org/wiki/Kangxi_Emperor,https://en.wikipedia.org/wiki/Turtle,1,2026-10-09 06:47:00.563662,2026-10-09 06:47:00.899447
https://en.wikipedia.org/wiki/Keratin,https://en.wikipedia.org/wiki/Turtle,1,2026-10-09 06:47:00.55609,2026-10-09 06:47:00.865884
https://en.wikipedia.org/wiki/Khunnuchelys,https://en.wikipedia.org/wiki/Turtle,1,2026-10-09 06:47:00.480315,2026-10-09 06:47:00.548712
https://en.wikipedia.org/wiki/Kinixys,https://en.wikipedia.org/wiki/Turtle,1,2026-10-09 06:47:00.55208,2026-10-09 06:47:00.833558
https://en.wikipedia.org/wiki/Kinkonychelys,https://en.wikipedia.org/wiki/Turtle,1,2026-10-09 06:47:00.476269,2026-10-09 06:47:00.530078
https://en.wikipedia.org/wiki/Kinosternidae,https://en.wikipedia.org/wiki/Turtle,1,2026-10-09 06:47:00.536283,2026-10-09 06:47:00.771904
https://en.wikipedia.org/wiki/Kinosternoidea,https://en.wikipedia.org/wiki/Turtle,1,2026-10-09 06:47:00.499341,2026-10-09 06:47:00.628642
https://en.wikipedia.org/wiki/Kinosternon,https://en.wikipedia.org/wiki/Turtle,1,2026-10-09 06:47:00.493546,2026-10-09 06:47:00.606263
https://en.wikipedia.org/wiki/Kurma,https://en.wikipedia.org/wiki/Turtle,1,2026-10-09 06:47:00.513206,2026-10-09 06:47:00.686948
https://en.wikipedia.org/wiki/Kurmademys,https://en.wikipedia.org/wiki/Turtle,1,2026-10-09 06:47:00.566315,2026-10-09 06:47:00.909856
https://en.wikipedia.org/wiki/Labrostochelys,https://en.wikipedia.org/wiki/Turtle,1,2026-10-09 06:47:00.522015,2026-10-09 06:47:00.717158
https://en.wikipedia.org/wiki/Lacrimal_gland,https://en.wikipedia.org/wiki/Turtle,1,2026-10-09 06:47:00.509421,2026-10-09 06:47:00.671428
https://en.wikipedia.org/wiki/Lactic_acid,https://en.wikipedia.org/wiki/Turtle,1,2026-10-09 06:47:00.544058,2026-10-09 06:47:00.800518
https://en.wikipedia.org/wiki/Lancelet,https://en.wikipedia.org/wiki/Turtle,1,2026-10-09 06:47:00.540179,2026-10-09 06:47:00.785781
https://en.wikipedia.org/wiki/Lapparentemys,https://en.wikipedia.org/wiki/Turtle,1,2026-10-09 06:47:00.551805,2026-10-09 06:47:00.832258
https://en.wikipedia.org/wiki/Larvacean,https://en.wikipedia.org/wiki/Turtle,1,2026-10-09 06:47:00.551242,2026-10-09 06:47:00.829931
https://en.wikipedia.org/wiki/Larynx,https://en.wikipedia.org/wiki/Turtle,1,2026-10-09 06:47:00.486303,2026-10-09 06:47:00.577967
https://en.wikipedia.org/wiki/Late_Cretaceous,https://en.wikipedia.org/wiki/Turtle,1,2026-10-09 06:47:00.516882,2026-10-09 06:47:00.701294
https://en.wikipedia.org/wiki/Late_Jurassic,https://en.wikipedia.org/wiki/Turtle,1,2026-10-09 06:47:00.474623,2026-10-09 06:47:00.520823
https://en.wikipedia.org/wiki/Latentemys,https://en.wikipedia.org/wiki/Turtle,1,2026-10-09 06:47:00.466222,2026-10-09 06:47:00.485657
https://en.wikipedia.org/wiki/Late_Triassic,https://en.wikipedia.org/wiki/Turtle,1,2026-10-09 06:47:00.481426,2026-10-09 06:47:00.553299
https://en.wikipedia.org/wiki/Latin,https://en.wikipedia.org/wiki/Turtle,1,2026-10-09 06:47:00.503453,2026-10-09 06:47:00.645636
https://en.wikipedia.org/wiki/Leatherback_sea_turtle,https://en.wikipedia.org/wiki/Turtle,1,2026-10-09 06:47:00.49017,2026-10-09 06:47:00.5941
https://en.wikipedia.org/wiki/Leatherback_turtle,https://en.wikipedia.org/wiki/Turtle,1,2026-10-09 06:47:00.564188,2026-10-09 06:47:00.901807
https://en.wikipedia.org/wiki/Lenape,https://en.wikipedia.org/wiki/Turtle,1,2026-10-09 06:47:00.499671,2026-10-09 06:47:00.631299
https://en.wikipedia.org/wiki/Léon_Gandillot,https://en.wikipedia.org/wiki/Turtle,1,2026-10-09 06:47:00.554095,2026-10-09 06:47:00.85325
https://en.wikipedia.org/wiki/Leopard_tortoise,https://en.wikipedia.org/wiki/Turtle,1,2026-10-09 06:47:00.492683,2026-10-09 06:47:00.603229
https://en.wikipedia.org/wiki/Lepidosauria,https://en.wikipedia.org/wiki/Turtle,1,2026-10-09 06:47:00.480043,2026-10-09 06:47:00.547462
https://en.wikipedia.org/wiki/Lepidosauromorpha,https://en.wikipedia.org/wiki/Turtle,1,2026-10-09 06:47:00.481086,2026-10-09 06:47:00.552634
https://en.wikipedia.org/wiki/Lewis_Carroll,https://en.wikipedia.org/wiki/Turtle,1,2026-10-09 06:47:00.478299,2026-10-09 06:47:00.540114
https://en.wikipedia.org/wiki/Light_on_Yoga,https://en.wikipedia.org/wiki/Turtle,1,2026-10-09 06:47:00.464436,2026-10-09 06:47:00.476499
https://en.wikipedia.org/wiki/Light_pollution,https://en.wikipedia.org/wiki/Turtle,1,2026-10-09 06:47:00.489708,2026-10-09 06:47:00.591772
https://en.wikipedia.org/wiki/Lissamphibia,https://en.wikipedia.org/wiki/Turtle,1,2026-10-09 06:47:00.533472,2026-10-09 06:47:00.760592
https://en.wikipedia.org/wiki/Lissemys,https://en.wikipedia.org/wiki/Turtle,1,2026-10-09 06:47:00.509034,2026-10-09 06:47:00.669225
https://en.wikipedia.org/wiki/List_of_fictional_turtles,https://en.wikipedia.org/wiki/Turtle,1,2026-10-09 06:47:00.514014,2026-10-09 06:47:00.691654
https://en.wikipedia.org/wiki/List_of_Testudines_families,https://en.wikipedia.org/wiki/Turtle,1,2026-10-09 06:47:00.529988,2026-10-09 06:47:00.745531
https://en.wikipedia.org/wiki/Lizard,https://en.wikipedia.org/wiki/Turtle,1,2026-10-09 06:47:00.517899,2026-10-09 06:47:00.704558
https://en.wikipedia.org/wiki/Loggerhead_sea_turtle,https://en.wikipedia.org/wiki/Turtle,1,2026-10-09 06:47:00.508348,2026-10-09 06:47:00.666068
https://en.wikipedia.org/wiki/Lomalatachelys,https://en.wikipedia.org/wiki/Turtle,1,2026-10-09 06:47:00.464567,2026-10-09 06:47:00.476555
https://en.wikipedia.org/wiki/Lonesome_George,https://en.wikipedia.org/wiki/Turtle,1,2026-10-09 06:47:00.564054,2026-10-09 06:47:00.900715
https://en.wikipedia.org/wiki/Longline_fishing,https://en.wikipedia.org/wiki/Turtle,1,2026-10-09 06:47:00.4639,2026-10-09 06:47:00.472611
https://en.wikipedia.org/wiki/Lungfish,https://en.wikipedia.org/wiki/Turtle,1,2026-10-09 06:47:00.541243,2026-10-09 06:47:00.788975
https://en.wikipedia.org/wiki/Mackerel,https://en.wikipedia.org/wiki/Turtle,1,2026-10-09 06:47:00.544456,2026-10-09 06:47:00.802728
https://en.wikipedia.org/wiki/Macrocephalochelys,https://en.wikipedia.org/wiki/Turtle,1,2026-10-09 06:47:00.547416,2026-10-09 06:47:00.815785
https://en.wikipedia.org/wiki/Macrochelys,https://en.wikipedia.org/wiki/Turtle,1,2026-10-09 06:47:00.482646,2026-10-09 06:47:00.558838
https://en.wikipedia.org/wiki/Madagascan_big-headed_turtle,https://en.wikipedia.org/wiki/Turtle,1,2026-10-09 06:47:00.547248,2026-10-09 06:47:00.814736
https://en.wikipedia.org/wiki/Malaclemys,https://en.wikipedia.org/wiki/Turtle,1,2026-10-09 06:47:00.477119,2026-10-09 06:47:00.534272
https://en.wikipedia.org/wiki/Malayan_flat-shelled_turtle,https://en.wikipedia.org/wiki/Turtle,1,2026-10-09 06:47:00.475343,2026-10-09 06:47:00.5249
https://en.wikipedia.org/wiki/Malayan_softshell_turtle,https://en.wikipedia.org/wiki/Turtle,1,2026-10-09 06:47:00.473489,2026-10-09 06:47:00.515735
https://en.wikipedia.org/wiki/Malayemys,https://en.wikipedia.org/wiki/Turtle,1,2026-10-09 06:47:00.46907,2026-10-09 06:47:00.497253
https://en.wikipedia.org/wiki/Malaysian_giant_turtle,https://en.wikipedia.org/wiki/Turtle,1,2026-10-09 06:47:00.567523,2026-10-09 06:47:00.914388
https://en.wikipedia.org/wiki/Mammal,https://en.wikipedia.org/wiki/Turtle,1,2026-10-09 06:47:00.544892,2026-10-09 06:47:00.804221
https://en.wikipedia.org/wiki/Manhattan_Theatre,https://en.wikipedia.org/wiki/Turtle,1,2026-10-09 06:47:00.465318,2026-10-09 06:47:00.480914
https://en.wikipedia.org/wiki/Manouria,https://en.wikipedia.org/wiki/Turtle,1,2026-10-09 06:47:00.481973,2026-10-09 06:47:00.556245
https://en.wikipedia.org/wiki/Marginated_tortoise,https://en.wikipedia.org/wiki/Turtle,1,2026-10-09 06:47:00.5151,2026-10-09 06:47:00.694993
https://en.wikipedia.org/wiki/Mary_River_turtle,https://en.wikipedia.org/wiki/Turtle,1,2026-10-09 06:47:00.494918,2026-10-09 06:47:00.610454
https://en.wikipedia.org/wiki/Mata_mata,https://en.wikipedia.org/wiki/Turtle,1,2026-10-09 06:47:00.526068,2026-10-09 06:47:00.732126
https://en.wikipedia.org/wiki/Mauremys,https://en.wikipedia.org/wiki/Turtle,1,2026-10-09 06:47:00.470188,2026-10-09 06:47:00.502147
https://en.wikipedia.org/wiki/Mauremys_reevesii,https://en.wikipedia.org/wiki/Turtle,1,2026-10-09 06:47:00.489422,2026-10-09 06:47:00.590342
https://en.wikipedia.org/wiki/Maya_civilization,https://en.wikipedia.org/wiki/Turtle,1,2026-10-09 06:47:00.532838,2026-10-09 06:47:00.756822
https://en.wikipedia.org/wiki/Megalochelys,https://en.wikipedia.org/wiki/Turtle,1,2026-10-09 06:47:00.482351,2026-10-09 06:47:00.558677
https://en.wikipedia.org/wiki/Meiolaniidae,https://en.wikipedia.org/wiki/Turtle,1,2026-10-09 06:47:00.510058,2026-10-09 06:47:00.673654
https://en.wikipedia.org/wiki/Mekong_snail-eating_turtle,https://en.wikipedia.org/wiki/Turtle,1,2026-10-09 06:47:00.513548,2026-10-09 06:47:00.690714
https://en.wikipedia.org/wiki/Melanochelys,https://en.wikipedia.org/wiki/Turtle,1,2026-10-09 06:47:00.562648,2026-10-09 06:47:00.89475
https://en.wikipedia.org/wiki/Merriam-Webster,https://en.wikipedia.org/wiki/Turtle,1,2026-10-09 06:47:00.475069,2026-10-09 06:47:00.523447
https://en.wikipedia.org/wiki/Mesentery,https://en.wikipedia.org/wiki/Turtle,1,2026-10-09 06:47:00.468902,2026-10-09 06:47:00.496044
https://en.wikipedia.org/wiki/Mesoclemmys,https://en.wikipedia.org/wiki/Turtle,1,2026-10-09 06:47:00.538117,2026-10-09 06:47:00.778669
https://en.wikipedia.org/wiki/Mesoclemmys_nasuta,https://en.wikipedia.org/wiki/Turtle,1,2026-10-09 06:47:00.475476,2026-10-09 06:47:00.525974
https://en.wikipedia.org/wiki/Mesodermochelys,https://en.wikipedia.org/wiki/Turtle,1,2026-10-09 06:47:00.525482,2026-10-09 06:47:00.729901
https://en.wikipedia.org/wiki/Mexichelys,https://en.wikipedia.org/wiki/Turtle,1,2026-10-09 06:47:00.511103,2026-10-09 06:47:00.679613
https://en.wikipedia.org/wiki/Mexico,https://en.wikipedia.org/wiki/Turtle,1,2026-10-09 06:47:00.49474,2026-10-09 06:47:00.61042
https://en.wikipedia.org/wiki/Middle_Triassic,https://en.wikipedia.org/wiki/Turtle,1,2026-10-09 06:47:00.551379,2026-10-09 06:47:00.830962
https://en.wikipedia.org/wiki/Miocaretta,https://en.wikipedia.org/wiki/Turtle,1,2026-10-09 06:47:00.462184,2026-10-09 06:47:00.463041
https://en.wikipedia.org/wiki/Mitochondrial_DNA,https://en.wikipedia.org/wiki/Turtle,1,2026-10-09 06:47:00.554934,2026-10-09 06:47:00.8586
https://en.wikipedia.org/wiki/Mixtec,https://en.wikipedia.org/wiki/Turtle,1,2026-10-09 06:47:00.464037,2026-10-09 06:47:00.473585
https://en.wikipedia.org/wiki/Mock_Turtle,https://en.wikipedia.org/wiki/Turtle,1,2026-10-09 06:47:00.553826,2026-10-09 06:47:00.851975
https://en.wikipedia.org/wiki/Mock_turtle_soup,https://en.wikipedia.org/wiki/Turtle,1,2026-10-09 06:47:00.535799,2026-10-09 06:47:00.769457
https://en.wikipedia.org/wiki/Molecular_phylogenetics,https://en.wikipedia.org/wiki/Turtle,1,2026-10-09 06:47:00.555539,2026-10-09 06:47:00.861381
https://en.wikipedia.org/wiki/Molecular_Phylogenetics_and_Evolution,https://en.wikipedia.org/wiki/Turtle,1,2026-10-09 06:47:00.473922,2026-10-09 06:47:00.517013
https://en.wikipedia.org/wiki/Mollusks,https://en.wikipedia.org/wiki/Turtle,1,2026-10-09 06:47:00.53921,2026-10-09 06:47:00.782539
https://en.wikipedia.org/wiki/Mommy_(tortoise),https://en.wikipedia.org/wiki/Turtle,1,2026-10-09 06:47:00.549761,2026-10-09 06:47:00.82438
https://en.wikipedia.org/wiki/Monsoon,https://en.wikipedia.org/wiki/Turtle,1,2026-10-09 06:47:00.463761,2026-10-09 06:47:00.472589
https://en.wikipedia.org/wiki/Morenia,https://en.wikipedia.org/wiki/Turtle,1,2026-10-09 06:47:00.556902,2026-10-09 06:47:00.870169
https://en.wikipedia.org/wiki/Mosaic,https://en.wikipedia.org/wiki/Turtle,1,2026-10-09 06:47:00.531994,2026-10-09 06:47:00.753239
https://en.wikipedia.org/wiki/Most_recent_common_ancestor,https://en.wikipedia.org/wiki/Turtle,1,2026-10-09 06:47:00.556358,2026-10-09 06:47:00.867048
https://en.wikipedia.org/wiki/Mr_Turpen,https://en.wikipedia.org/wiki/Turtle,1,2026-10-09 06:47:00.545035,2026-10-09 06:47:00.8052
https://en.wikipedia.org/wiki/Mud_turtle,https://en.wikipedia.org/wiki/Turtle,1,2026-10-09 06:47:00.49327,2026-10-09 06:47:00.60533
https://en.wikipedia.org/wiki/Myuchelys,https://en.wikipedia.org/wiki/Turtle,1,2026-10-09 06:47:00.556223,2026-10-09 06:47:00.865897
https://en.wikipedia.org/wiki/Nanhsiungchelyidae,https://en.wikipedia.org/wiki/Turtle,1,2026-10-09 06:47:00.53233,2026-10-09 06:47:00.753358
https://en.wikipedia.org/wiki/Narrow-bridged_musk_turtle,https://en.wikipedia.org/wiki/Turtle,1,2026-10-09 06:47:00.540358,2026-10-09 06:47:00.785818
https://en.wikipedia.org/wiki/National_Biodiversity_Network,https://en.wikipedia.org/wiki/Turtle,1,2026-10-09 06:47:00.487564,2026-10-09 06:47:00.583466
https://en.wikipedia.org/wiki/National_Center_for_Biotechnology_Information,https://en.wikipedia.org/wiki/Turtle,1,2026-10-09 06:47:00.4788,2026-10-09 06:47:00.541495
https://en.wikipedia.org/wiki/Nature_Communications,https://en.wikipedia.org/wiki/Turtle,1,2026-10-09 06:47:00.527937,2026-10-09 06:47:00.737667
https://en.wikipedia.org/wiki/Negligible_senescence,https://en.wikipedia.org/wiki/Turtle,1,2026-10-09 06:47:00.466855,2026-10-09 06:47:00.488015
https://en.wikipedia.org/wiki/Neogene,https://en.wikipedia.org/wiki/Turtle,1,2026-10-09 06:47:00.511501,2026-10-09 06:47:00.681632
https://en.wikipedia.org/wiki/Nicaragua,https://en.wikipedia.org/wiki/Turtle,1,2026-10-09 06:47:00.553274,2026-10-09 06:47:00.841772
https://en.wikipedia.org/wiki/Nigeremys,https://en.wikipedia.org/wiki/Turtle,1,2026-10-09 06:47:00.528778,2026-10-09 06:47:00.741022
https://en.wikipedia.org/wiki/Nilssonia_(turtle),https://en.wikipedia.org/wiki/Turtle,1,2026-10-09 06:47:00.565347,2026-10-09 06:47:00.905156
https://en.wikipedia.org/wiki/Northern_red-bellied_cooter,https://en.wikipedia.org/wiki/Turtle,1,2026-10-09 06:47:00.53374,2026-10-09 06:47:00.761742
https://en.wikipedia.org/wiki/Notochelone,https://en.wikipedia.org/wiki/Turtle,1,2026-10-09 06:47:00.482778,2026-10-09 06:47:00.559865
https://en.wikipedia.org/wiki/Nova_Scotia,https://en.wikipedia.org/wiki/Turtle,1,2026-10-09 06:47:00.493405,2026-10-09 06:47:00.606261
https://en.wikipedia.org/wiki/Nuclear_gene,https://en.wikipedia.org/wiki/Turtle,1,2026-10-09 06:47:00.491172,2026-10-09 06:47:00.597636
https://en.wikipedia.org/wiki/Nymphaea_alba,https://en.wikipedia.org/wiki/Turtle,1,2026-10-09 06:47:00.502549,2026-10-09 06:47:00.642517
https://en.wikipedia.org/wiki/Oaxaca,https://en.wikipedia.org/wiki/Turtle,1,2026-10-09 06:47:00.492976,2026-10-09 06:47:00.604351
https://en.wikipedia.org/wiki/Oblong_turtle,https://en.wikipedia.org/wiki/Turtle,1,2026-10-09 06:47:00.465836,2026-10-09 06:47:00.483424
https://en.wikipedia.org/wiki/Ocepechelon,https://en.wikipedia.org/wiki/Turtle,1,2026-10-09 06:47:00.466487,2026-10-09 06:47:00.487002
https://en.wikipedia.org/wiki/OCLC_(identifier),https://en.wikipedia.org/wiki/Turtle,1,2026-10-09 06:47:00.462315,2026-10-09 06:47:00.463332
https://en.wikipedia.org/wiki/Odontochelys,https://en.wikipedia.org/wiki/Turtle,1,2026-10-09 06:47:00.501698,2026-10-09 06:47:00.638183
https://en.wikipedia.org/wiki/Olfactores,https://en.wikipedia.org/wiki/Turtle,1,2026-10-09 06:47:00.482163,2026-10-09 06:47:00.557302
https://en.wikipedia.org/wiki/Olfactory_system,https://en.wikipedia.org/wiki/Turtle,1,2026-10-09 06:47:00.526203,2026-10-09 06:47:00.732238
https://en.wikipedia.org/wiki/Oligopherus?action=edit&redlink=1,https://en.wikipedia.org/wiki/Turtle,1,2026-10-09 06:47:00.483261,2026-10-09 06:47:00.562299
https://en.wikipedia.org/wiki/Olive_ridley_sea_turtle,https://en.wikipedia.org/wiki/Turtle,1,2026-10-09 06:47:00.535363,2026-10-09 06:47:00.768314
https://en.wikipedia.org/wiki/Omnivore,https://en.wikipedia.org/wiki/Turtle,1,2026-10-09 06:47:00.53186,2026-10-09 06:47:00.752165
https://en.wikipedia.org/wiki/Omnivorous,https://en.wikipedia.org/wiki/Turtle,1,2026-10-09 06:47:00.465077,2026-10-09 06:47:00.480135
https://en.wikipedia.org/wiki/Open_Tree_of_Life,https://en.wikipedia.org/wiki/Turtle,1,2026-10-09 06:47:00.495633,2026-10-09 06:47:00.61301
https://en.wikipedia.org/wiki/Operant_conditioning,https://en.wikipedia.org/wiki/Turtle,1,2026-10-09 06:47:00.53594,2026-10-09 06:47:00.770494
https://en.wikipedia.org/wiki/Oracle_bone_script,https://en.wikipedia.org/wiki/Turtle,1,2026-10-09 06:47:00.484105,2026-10-09 06:47:00.565867
https://en.wikipedia.org/wiki/Order_(biology),https://en.wikipedia.org/wiki/Turtle,1,2026-10-09 06:47:00.472735,2026-10-09 06:47:00.511499
https://en.wikipedia.org/wiki/Order_(taxonomy),https://en.wikipedia.org/wiki/Turtle,1,2026-10-09 06:47:00.570482,2026-10-09 06:47:00.926582
https://en.wikipedia.org/wiki/Ordovician,https://en.wikipedia.org/wiki/Turtle,1,2026-10-09 06:47:00.493971,2026-10-09 06:47:00.608342
https://en.wikipedia.org/wiki/Origin_myth,https://en.wikipedia.org/wiki/Turtle,1,2026-10-09 06:47:00.546452,2026-10-09 06:47:00.810961
https://en.wikipedia.org/wiki/Osteoderm,https://en.wikipedia.org/wiki/Turtle,1,2026-10-09 06:47:00.513007,2026-10-09 06:47:00.687076
https://en.wikipedia.org/wiki/Otic_capsule,https://en.wikipedia.org/wiki/Turtle,1,2026-10-09 06:47:00.570355,2026-10-09 06:47:00.925506
https://en.wikipedia.org/wiki/Owen_and_Mzee,https://en.wikipedia.org/wiki/Turtle,1,2026-10-09 06:47:00.47739,2026-10-09 06:47:00.535555
https://en.wikipedia.org/wiki/Oxygen,https://en.wikipedia.org/wiki/Turtle,1,2026-10-09 06:47:00.527584,2026-10-09 06:47:00.737694
https://en.wikipedia.org/wiki/Oxygenated_blood,https://en.wikipedia.org/wiki/Turtle,1,2026-10-09 06:47:00.47613,2026-10-09 06:47:00.528786
https://en.wikipedia.org/wiki/Pacifichelys,https://en.wikipedia.org/wiki/Turtle,1,2026-10-09 06:47:00.560258,2026-10-09 06:47:00.883601
https://en.wikipedia.org/wiki/Painted_turtle,https://en.wikipedia.org/wiki/Turtle,1,2026-10-09 06:47:00.514312,2026-10-09 06:47:00.692692
https://en.wikipedia.org/wiki/Pair_bond,https://en.wikipedia.org/wiki/Turtle,1,2026-10-09 06:47:00.525316,2026-10-09 06:47:00.728747
https://en.wikipedia.org/wiki/Palaeoamyda,https://en.wikipedia.org/wiki/Turtle,1,2026-10-09 06:47:00.480691,2026-10-09 06:47:00.549791
https://en.wikipedia.org/wiki/Palate,https://en.wikipedia.org/wiki/Turtle,1,2026-10-09 06:47:00.472163,2026-10-09 06:47:00.510429
https://en.wikipedia.org/wiki/Paleobiology_Database,https://en.wikipedia.org/wiki/Turtle,1,2026-10-09 06:47:00.563802,2026-10-09 06:47:00.899489
https://en.wikipedia.org/wiki/Paleogene,https://en.wikipedia.org/wiki/Turtle,1,2026-10-09 06:47:00.530954,2026-10-09 06:47:00.748857
https://en.wikipedia.org/wiki/Pancake_tortoise,https://en.wikipedia.org/wiki/Turtle,1,2026-10-09 06:47:00.514606,2026-10-09 06:47:00.693742
https://en.wikipedia.org/wiki/Pangshura,https://en.wikipedia.org/wiki/Turtle,1,2026-10-09 06:47:00.565646,2026-10-09 06:47:00.907536
https://en.wikipedia.org/wiki/Pantestudines,https://en.wikipedia.org/wiki/Turtle,1,2026-10-09 06:47:00.507068,2026-10-09 06:47:00.661918
https://en.wikipedia.org/wiki/Pappochelys,https://en.wikipedia.org/wiki/Turtle,1,2026-10-09 06:47:00.56981,2026-10-09 06:47:00.923231
https://en.wikipedia.org/wiki/Paracryptodira,https://en.wikipedia.org/wiki/Turtle,1,2026-10-09 06:47:00.481819,2026-10-09 06:47:00.556223
https://en.wikipedia.org/wiki/Pareiasaur,https://en.wikipedia.org/wiki/Turtle,1,2026-10-09 06:47:00.48702,2026-10-09 06:47:00.580921
https://en.wikipedia.org/wiki/Pelochelys,https://en.wikipedia.org/wiki/Turtle,1,2026-10-09 06:47:00.467799,2026-10-09 06:47:00.491537
https://en.wikipedia.org/wiki/Pelodiscus,https://en.wikipedia.org/wiki/Turtle,1,2026-10-09 06:47:00.543791,2026-10-09 06:47:00.799135
https://en.wikipedia.org/wiki/Pelomedusidae,https://en.wikipedia.org/wiki/Turtle,1,2026-10-09 06:47:00.569417,2026-10-09 06:47:00.921985
https://en.wikipedia.org/wiki/Pelusios,https://en.wikipedia.org/wiki/Turtle,1,2026-10-09 06:47:00.512353,2026-10-09 06:47:00.684693
https://en.wikipedia.org/wiki/Perichelydia,https://en.wikipedia.org/wiki/Turtle,1,2026-10-09 06:47:00.559858,2026-10-09 06:47:00.88249
https://en.wikipedia.org/wiki/Peritresius,https://en.wikipedia.org/wiki/Turtle,1,2026-10-09 06:47:00.524142,2026-10-09 06:47:00.724305
https://en.wikipedia.org/wiki/Permian,https://en.wikipedia.org/wiki/Turtle,1,2026-10-09 06:47:00.554523,2026-10-09 06:47:00.855139
https://en.wikipedia.org/wiki/Perseus_Project,https://en.wikipedia.org/wiki/Turtle,1,2026-10-09 06:47:00.557302,2026-10-09 06:47:00.871813
https://en.wikipedia.org/wiki/Pet,https://en.wikipedia.org/wiki/Turtle,1,2026-10-09 06:47:00.545417,2026-10-09 06:47:00.806403
https://en.wikipedia.org/wiki/Phlebobranchia,https://en.wikipedia.org/wiki/Turtle,1,2026-10-09 06:47:00.545832,2026-10-09 06:47:00.808647
https://en.wikipedia.org/wiki/Phosphatochelys,https://en.wikipedia.org/wiki/Turtle,1,2026-10-09 06:47:00.485568,2026-10-09 06:47:00.57263
https://en.wikipedia.org/wiki/Photopigment,https://en.wikipedia.org/wiki/Turtle,1,2026-10-09 06:47:00.545147,2026-10-09 06:47:00.805221
https://en.wikipedia.org/wiki/Phrynops,https://en.wikipedia.org/wiki/Turtle,1,2026-10-09 06:47:00.474315,2026-10-09 06:47:00.520722
https://en.wikipedia.org/wiki/Phylogenetics,https://en.wikipedia.org/wiki/Turtle,1,2026-10-09 06:47:00.470749,2026-10-09 06:47:00.504641
https://en.wikipedia.org/wiki/Pierre_André_Latreille,https://en.wikipedia.org/wiki/Turtle,1,2026-10-09 06:47:00.562101,2026-10-09 06:47:00.892358
https://en.wikipedia.org/wiki/Pig-nosed_turtle,https://en.wikipedia.org/wiki/Turtle,1,2026-10-09 06:47:00.52359,2026-10-09 06:47:00.721769
https://en.wikipedia.org/wiki/Piscivorous,https://en.wikipedia.org/wiki/Turtle,1,2026-10-09 06:47:00.517467,2026-10-09 06:47:00.703417
https://en.wikipedia.org/wiki/Planiplastron,https://en.wikipedia.org/wiki/Turtle,1,2026-10-09 06:47:00.517337,2026-10-09 06:47:00.702426
https://en.wikipedia.org/wiki/Plastromancy,https://en.wikipedia.org/wiki/Turtle,1,2026-10-09 06:47:00.554368,2026-10-09 06:47:00.855132
https://en.wikipedia.org/wiki/Plastron,https://en.wikipedia.org/wiki/Turtle,1,2026-10-09 06:47:00.523027,2026-10-09 06:47:00.719226
https://en.wikipedia.org/wiki/Platychelyidae,https://en.wikipedia.org/wiki/Turtle,1,2026-10-09 06:47:00.546101,2026-10-09 06:47:00.809785
https://en.wikipedia.org/wiki/Platysternidae,https://en.wikipedia.org/wiki/Turtle,1,2026-10-09 06:47:00.502981,2026-10-09 06:47:00.643405
https://en.wikipedia.org/wiki/Plazi,https://en.wikipedia.org/wiki/Turtle,1,2026-10-09 06:47:00.509162,2026-10-09 06:47:00.669254
https://en.wikipedia.org/wiki/Pleistocene,https://en.wikipedia.org/wiki/Turtle,1,2026-10-09 06:47:00.50597,2026-10-09 06:47:00.656573
https://en.wikipedia.org/wiki/Pleurodira,https://en.wikipedia.org/wiki/Turtle,1,2026-10-09 06:47:00.469394,2026-10-09 06:47:00.498441
https://en.wikipedia.org/wiki/PMC_(identifier),https://en.wikipedia.org/wiki/Turtle,1,2026-10-09 06:47:00.54364,2026-10-09 06:47:00.798432
https://en.wikipedia.org/wiki/PMID_(identifier),https://en.wikipedia.org/wiki/Turtle,1,2026-10-09 06:47:00.495936,2026-10-09 06:47:00.614922
https://en.wikipedia.org/wiki/Pneumatoarthrus,https://en.wikipedia.org/wiki/Turtle,1,2026-10-09 06:47:00.542771,2026-10-09 06:47:00.795963
https://en.wikipedia.org/wiki/Poaching,https://en.wikipedia.org/wiki/Turtle,1,2026-10-09 06:47:00.559429,2026-10-09 06:47:00.880102
https://en.wikipedia.org/wiki/Podocnemididae,https://en.wikipedia.org/wiki/Turtle,1,2026-10-09 06:47:00.463267,2026-10-09 06:47:00.469411
https://en.wikipedia.org/wiki/Podocnemis,https://en.wikipedia.org/wiki/Turtle,1,2026-10-09 06:47:00.566602,2026-10-09 06:47:00.909901
https://en.wikipedia.org/wiki/Polarized_light,https://en.wikipedia.org/wiki/Turtle,1,2026-10-09 06:47:00.472874,2026-10-09 06:47:00.512729
https://en.wikipedia.org/wiki/Polysternon,https://en.wikipedia.org/wiki/Turtle,1,2026-10-09 06:47:00.543504,2026-10-09 06:47:00.798415
https://en.wikipedia.org/wiki/Potassium,https://en.wikipedia.org/wiki/Turtle,1,2026-10-09 06:47:00.541055,2026-10-09 06:47:00.788014
https://en.wikipedia.org/wiki/Precambrian,https://en.wikipedia.org/wiki/Turtle,1,2026-10-09 06:47:00.524667,2026-10-09 06:47:00.726467
https://en.wikipedia.org/wiki/Prehensile,https://en.wikipedia.org/wiki/Turtle,1,2026-10-09 06:47:00.506942,2026-10-09 06:47:00.660672
https://en.wikipedia.org/wiki/Primates,https://en.wikipedia.org/wiki/Turtle,1,2026-10-09 06:47:00.471735,2026-10-09 06:47:00.50921
https://en.wikipedia.org/wiki/Principle_of_priority,https://en.wikipedia.org/wiki/Turtle,1,2026-10-09 06:47:00.487369,2026-10-09 06:47:00.582187
https://en.wikipedia.org/wiki/Prionochelys,https://en.wikipedia.org/wiki/Turtle,1,2026-10-09 06:47:00.52688,2026-10-09 06:47:00.734406
https://en.wikipedia.org/wiki/Prochelidella,https://en.wikipedia.org/wiki/Turtle,1,2026-10-09 06:47:00.486721,2026-10-09 06:47:00.579123
https://en.wikipedia.org/wiki/Procolophonidae,https://en.wikipedia.org/wiki/Turtle,1,2026-10-09 06:47:00.493803,2026-10-09 06:47:00.608308
https://en.wikipedia.org/wiki/Procolpochelys,https://en.wikipedia.org/wiki/Turtle,1,2026-10-09 06:47:00.525797,2026-10-09 06:47:00.731046
https://en.wikipedia.org/wiki/Proganochelys,https://en.wikipedia.org/wiki/Turtle,1,2026-10-09 06:47:00.562508,2026-10-09 06:47:00.894739
https://en.wikipedia.org/wiki/Protochelydra,https://en.wikipedia.org/wiki/Turtle,1,2026-10-09 06:47:00.563267,2026-10-09 06:47:00.897018
https://en.wikipedia.org/wiki/Protorosaur,https://en.wikipedia.org/wiki/Turtle,1,2026-10-09 06:47:00.501358,2026-10-09 06:47:00.638114
https://en.wikipedia.org/wiki/Protosphargis,https://en.wikipedia.org/wiki/Turtle,1,2026-10-09 06:47:00.552923,2026-10-09 06:47:00.838824
https://en.wikipedia.org/wiki/Protostega,https://en.wikipedia.org/wiki/Turtle,1,2026-10-09 06:47:00.507518,2026-10-09 06:47:00.663072
https://en.wikipedia.org/wiki/Protostegidae,https://en.wikipedia.org/wiki/Turtle,1,2026-10-09 06:47:00.560811,2026-10-09 06:47:00.885746
https://en.wikipedia.org/wiki/Psammobates,https://en.wikipedia.org/wiki/Turtle,1,2026-10-09 06:47:00.468761,2026-10-09 06:47:00.49603
https://en.wikipedia.org/wiki/Psephophorus,https://en.wikipedia.org/wiki/Turtle,1,2026-10-09 06:47:00.489837,2026-10-09 06:47:00.591823
https://en.wikipedia.org/wiki/Pseudemys,https://en.wikipedia.org/wiki/Turtle,1,2026-10-09 06:47:00.495091,2026-10-09 06:47:00.61173
https://en.wikipedia.org/wiki/Pterygoid_bone,https://en.wikipedia.org/wiki/Turtle,1,2026-10-09 06:47:00.501523,2026-10-09 06:47:00.63817
https://en.wikipedia.org/wiki/Pubis_(bone),https://en.wikipedia.org/wiki/Turtle,1,2026-10-09 06:47:00.496512,2026-10-09 06:47:00.617379
https://en.wikipedia.org/wiki/Puentemys,https://en.wikipedia.org/wiki/Turtle,1,2026-10-09 06:47:00.467938,2026-10-09 06:47:00.492703
https://en.wikipedia.org/wiki/Pulmonary_artery,https://en.wikipedia.org/wiki/Turtle,1,2026-10-09 06:47:00.522663,2026-10-09 06:47:00.719215
https://en.wikipedia.org/wiki/Puppigerus,https://en.wikipedia.org/wiki/Turtle,1,2026-10-09 06:47:00.477787,2026-10-09 06:47:00.537733
https://en.wikipedia.org/wiki/Pyxis_(turtle),https://en.wikipedia.org/wiki/Turtle,1,2026-10-09 06:47:00.510713,2026-10-09 06:47:00.675783
https://en.wikipedia.org/wiki/Queensland,https://en.wikipedia.org/wiki/Turtle,1,2026-10-09 06:47:00.488305,2026-10-09 06:47:00.58692
https://en.wikipedia.org/wiki/Rafetus,https://en.wikipedia.org/wiki/Turtle,1,2026-10-09 06:47:00.565505,2026-10-09 06:47:00.906523
https://en.wikipedia.org/wiki/Reaktion_Books,https://en.wikipedia.org/wiki/Turtle,1,2026-10-09 06:47:00.518652,2026-10-09 06:47:00.706857
https://en.wikipedia.org/wiki/Red-bellied_short-necked_turtle,https://en.wikipedia.org/wiki/Turtle,1,2026-10-09 06:47:00.489984,2026-10-09 06:47:00.592801
https://en.wikipedia.org/wiki/Red-eared_slider,https://en.wikipedia.org/wiki/Turtle,1,2026-10-09 06:47:00.538469,2026-10-09 06:47:00.77866
https://en.wikipedia.org/wiki/Red_side-necked_turtle,https://en.wikipedia.org/wiki/Turtle,1,2026-10-09 06:47:00.561828,2026-10-09 06:47:00.891105
https://en.wikipedia.org/wiki/Reptile,https://en.wikipedia.org/wiki/Turtle,1,2026-10-09 06:47:00.484868,2026-10-09 06:47:00.570226
https://en.wikipedia.org/wiki/Reptiles,https://en.wikipedia.org/wiki/Turtle,1,2026-10-09 06:47:00.542361,2026-10-09 06:47:00.792982
https://en.wikipedia.org/wiki/Retina,https://en.wikipedia.org/wiki/Turtle,1,2026-10-09 06:47:00.542501,2026-10-09 06:47:00.793467
https://en.wikipedia.org/wiki/Rhamphotheca,https://en.wikipedia.org/wiki/Turtle,1,2026-10-09 06:47:00.4958,2026-10-09 06:47:00.613802
https://en.wikipedia.org/wiki/Rheodytes,https://en.wikipedia.org/wiki/Turtle,1,2026-10-09 06:47:00.534539,2026-10-09 06:47:00.765035
https://en.wikipedia.org/wiki/Rhinitis,https://en.wikipedia.org/wiki/Turtle,1,2026-10-09 06:47:00.567927,2026-10-09 06:47:00.91655
https://en.wikipedia.org/wiki/Rhinochelys,https://en.wikipedia.org/wiki/Turtle,1,2026-10-09 06:47:00.560572,2026-10-09 06:47:00.884812
https://en.wikipedia.org/wiki/Rhinoclemmys,https://en.wikipedia.org/wiki/Turtle,1,2026-10-09 06:47:00.502112,2026-10-09 06:47:00.640117
https://en.wikipedia.org/wiki/Rhipidistia,https://en.wikipedia.org/wiki/Turtle,1,2026-10-09 06:47:00.568294,2026-10-09 06:47:00.917736
https://en.wikipedia.org/wiki/Rhothonemys,https://en.wikipedia.org/wiki/Turtle,1,2026-10-09 06:47:00.529541,2026-10-09 06:47:00.744489
https://en.wikipedia.org/wiki/Rhynchocephalia,https://en.wikipedia.org/wiki/Turtle,1,2026-10-09 06:47:00.488038,2026-10-09 06:47:00.58434
https://en.wikipedia.org/wiki/Ridley_sea_turtle,https://en.wikipedia.org/wiki/Turtle,1,2026-10-09 06:47:00.526729,2026-10-09 06:47:00.734406
https://en.wikipedia.org/wiki/Robert_Scott_(philologist),https://en.wikipedia.org/wiki/Turtle,1,2026-10-09 06:47:00.49918,2026-10-09 06:47:00.62761
https://en.wikipedia.org/wiki/Rockalina,https://en.wikipedia.org/wiki/Turtle,1,2026-10-09 06:47:00.486855,2026-10-09 06:47:00.580921
https://en.wikipedia.org/wiki/Rod_cell,https://en.wikipedia.org/wiki/Turtle,1,2026-10-09 06:47:00.518031,2026-10-09 06:47:00.705854
https://en.wikipedia.org/wiki/Root_of_the_lung,https://en.wikipedia.org/wiki/Turtle,1,2026-10-09 06:47:00.462932,2026-10-09 06:47:00.468146
https://en.wikipedia.org/wiki/Rosasia,https://en.wikipedia.org/wiki/Turtle,1,2026-10-09 06:47:00.517764,2026-10-09 06:47:00.703412
https://en.wikipedia.org/wiki/Russian_tortoise,https://en.wikipedia.org/wiki/Turtle,1,2026-10-09 06:47:00.518492,2026-10-09 06:47:00.705868
https://en.wikipedia.org/wiki/S2CID_(identifier),https://en.wikipedia.org/wiki/Turtle,1,2026-10-09 06:47:00.56968,2026-10-09 06:47:00.923234
https://en.wikipedia.org/wiki/Sacalia,https://en.wikipedia.org/wiki/Turtle,1,2026-10-09 06:47:00.513348,2026-10-09 06:47:00.68907
https://en.wikipedia.org/wiki/Sagittal_section,https://en.wikipedia.org/wiki/Turtle,1,2026-10-09 06:47:00.570083,2026-10-09 06:47:00.925507
https://en.wikipedia.org/wiki/Sahonachelyidae,https://en.wikipedia.org/wiki/Turtle,1,2026-10-09 06:47:00.485227,2026-10-09 06:47:00.571533
https://en.wikipedia.org/wiki/Sahonachelys,https://en.wikipedia.org/wiki/Turtle,1,2026-10-09 06:47:00.529676,2026-10-09 06:47:00.744515
https://en.wikipedia.org/wiki/Salmon,https://en.wikipedia.org/wiki/Turtle,1,2026-10-09 06:47:00.536428,2026-10-09 06:47:00.771994
https://en.wikipedia.org/wiki/Sankuchemys,https://en.wikipedia.org/wiki/Turtle,1,2026-10-09 06:47:00.538642,2026-10-09 06:47:00.78018
https://en.wikipedia.org/wiki/Santanachelys,https://en.wikipedia.org/wiki/Turtle,1,2026-10-09 06:47:00.559995,2026-10-09 06:47:00.882478
https://en.wikipedia.org/wiki/Sarcopterygii,https://en.wikipedia.org/wiki/Turtle,1,2026-10-09 06:47:00.490346,2026-10-09 06:47:00.595303
https://en.wikipedia.org/wiki/Sauria,https://en.wikipedia.org/wiki/Turtle,1,2026-10-09 06:47:00.523966,2026-10-09 06:47:00.723124
https://en.wikipedia.org/wiki/Scale_(anatomy),https://en.wikipedia.org/wiki/Turtle,1,2026-10-09 06:47:00.564703,2026-10-09 06:47:00.90297
https://en.wikipedia.org/wiki/Scorpion_mud_turtle,https://en.wikipedia.org/wiki/Turtle,1,2026-10-09 06:47:00.551655,2026-10-09 06:47:00.832279
https://en.wikipedia.org/wiki/Scute,https://en.wikipedia.org/wiki/Turtle,1,2026-10-09 06:47:00.534669,2026-10-09 06:47:00.765071
https://en.wikipedia.org/wiki/Sea_turtle,https://en.wikipedia.org/wiki/Turtle,1,2026-10-09 06:47:00.477522,2026-10-09 06:47:00.535536
https://en.wikipedia.org/wiki/Sea_turtle_migration,https://en.wikipedia.org/wiki/Turtle,1,2026-10-09 06:47:00.497609,2026-10-09 06:47:00.621654
https://en.wikipedia.org/wiki/Secondary_palate,https://en.wikipedia.org/wiki/Turtle,1,2026-10-09 06:47:00.489575,2026-10-09 06:47:00.591772
https://en.wikipedia.org/wiki/Septum,https://en.wikipedia.org/wiki/Turtle,1,2026-10-09 06:47:00.544588,2026-10-09 06:47:00.802755
https://en.wikipedia.org/wiki/Sex-determination_system,https://en.wikipedia.org/wiki/Turtle,1,2026-10-09 06:47:00.464302,2026-10-09 06:47:00.476413
https://en.wikipedia.org/wiki/Sexual_coercion_among_animals,https://en.wikipedia.org/wiki/Turtle,1,2026-10-09 06:47:00.535072,2026-10-09 06:47:00.767304
https://en.wikipedia.org/wiki/Sexual_dimorphism,https://en.wikipedia.org/wiki/Turtle,1,2026-10-09 06:47:00.515888,2026-10-09 06:47:00.697987
https://en.wikipedia.org/wiki/Seychelles_giant_tortoise,https://en.wikipedia.org/wiki/Turtle,1,2026-10-09 06:47:00.568165,2026-10-09 06:47:00.916609
https://en.wikipedia.org/wiki/Shaman,https://en.wikipedia.org/wiki/Turtle,1,2026-10-09 06:47:00.552504,2026-10-09 06:47:00.836751
https://en.wikipedia.org/wiki/Shang_dynasty,https://en.wikipedia.org/wiki/Turtle,1,2026-10-09 06:47:00.477256,2026-10-09 06:47:00.535515
https://en.wikipedia.org/wiki/Shark_culling,https://en.wikipedia.org/wiki/Turtle,1,2026-10-09 06:47:00.559225,2026-10-09 06:47:00.88009
https://en.wikipedia.org/wiki/Shark_nets,https://en.wikipedia.org/wiki/Turtle,1,2026-10-09 06:47:00.465205,2026-10-09 06:47:00.480171
https://en.wikipedia.org/wiki/Shield_wall,https://en.wikipedia.org/wiki/Turtle,1,2026-10-09 06:47:00.479907,2026-10-09 06:47:00.547513
https://en.wikipedia.org/wiki/Shoulder_girdle,https://en.wikipedia.org/wiki/Turtle,1,2026-10-09 06:47:00.512697,2026-10-09 06:47:00.685638
https://en.wikipedia.org/wiki/Shrimp_trawling,https://en.wikipedia.org/wiki/Turtle,1,2026-10-09 06:47:00.555099,2026-10-09 06:47:00.858607
https://en.wikipedia.org/wiki/Siebenrockiella,https://en.wikipedia.org/wiki/Turtle,1,2026-10-09 06:47:00.521305,2026-10-09 06:47:00.714785
https://en.wikipedia.org/wiki/Silurian,https://en.wikipedia.org/wiki/Turtle,1,2026-10-09 06:47:00.514952,2026-10-09 06:47:00.694969
https://en.wikipedia.org/wiki/Sinaspideretes,https://en.wikipedia.org/wiki/Turtle,1,2026-10-09 06:47:00.519621,2026-10-09 06:47:00.710274
https://en.wikipedia.org/wiki/Sister_group,https://en.wikipedia.org/wiki/Turtle,1,2026-10-09 06:47:00.547583,2026-10-09 06:47:00.815784
https://en.wikipedia.org/wiki/Sky_Woman,https://en.wikipedia.org/wiki/Turtle,1,2026-10-09 06:47:00.551109,2026-10-09 06:47:00.8299
https://en.wikipedia.org/wiki/Smithsonian_(magazine),https://en.wikipedia.org/wiki/Turtle,1,2026-10-09 06:47:00.537932,2026-10-09 06:47:00.777467
https://en.wikipedia.org/wiki/Snake,https://en.wikipedia.org/wiki/Turtle,1,2026-10-09 06:47:00.536703,2026-10-09 06:47:00.774141
https://en.wikipedia.org/wiki/Snake-necked_turtle,https://en.wikipedia.org/wiki/Turtle,1,2026-10-09 06:47:00.477654,2026-10-09 06:47:00.536578
https://en.wikipedia.org/wiki/Snapping_turtles,https://en.wikipedia.org/wiki/Turtle,1,2026-10-09 06:47:00.537579,2026-10-09 06:47:00.776334
https://en.wikipedia.org/wiki/Softshell_turtle,https://en.wikipedia.org/wiki/Turtle,1,2026-10-09 06:47:00.465451,2026-10-09 06:47:00.480904
https://en.wikipedia.org/wiki/Sokatra,https://en.wikipedia.org/wiki/Turtle,1,2026-10-09 06:47:00.483865,2026-10-09 06:47:00.565715
https://en.wikipedia.org/wiki/Solitudo,https://en.wikipedia.org/wiki/Turtle,1,2026-10-09 06:47:00.558213,2026-10-09 06:47:00.875181
https://en.wikipedia.org/wiki/Solute,https://en.wikipedia.org/wiki/Turtle,1,2026-10-09 06:47:00.524956,2026-10-09 06:47:00.727538
https://en.wikipedia.org/wiki/Sonora_mud_turtle,https://en.wikipedia.org/wiki/Turtle,1,2026-10-09 06:47:00.487171,2026-10-09 06:47:00.58097
https://en.wikipedia.org/wiki/Species,https://en.wikipedia.org/wiki/Turtle,1,2026-10-09 06:47:00.556769,2026-10-09 06:47:00.868578
https://en.wikipedia.org/wiki/Sponges,https://en.wikipedia.org/wiki/Turtle,1,2026-10-09 06:47:00.480819,2026-10-09 06:47:00.550994
https://en.wikipedia.org/wiki/Squamata,https://en.wikipedia.org/wiki/Turtle,1,2026-10-09 06:47:00.533611,2026-10-09 06:47:00.760591
https://en.wikipedia.org/wiki/Staurotypus,https://en.wikipedia.org/wiki/Turtle,1,2026-10-09 06:47:00.504177,2026-10-09 06:47:00.648326
https://en.wikipedia.org/wiki/Stele,https://en.wikipedia.org/wiki/Turtle,1,2026-10-09 06:47:00.491062,2026-10-09 06:47:00.597621
https://en.wikipedia.org/wiki/Sternotherus,https://en.wikipedia.org/wiki/Turtle,1,2026-10-09 06:47:00.516583,2026-10-09 06:47:00.700154
https://en.wikipedia.org/wiki/Sternum,https://en.wikipedia.org/wiki/Turtle,1,2026-10-09 06:47:00.479638,2026-10-09 06:47:00.544923
https://en.wikipedia.org/wiki/Stolidobranchia,https://en.wikipedia.org/wiki/Turtle,1,2026-10-09 06:47:00.540001,2026-10-09 06:47:00.785797
https://en.wikipedia.org/wiki/Streamlined,https://en.wikipedia.org/wiki/Turtle,1,2026-10-09 06:47:00.538799,2026-10-09 06:47:00.781503
https://en.wikipedia.org/wiki/Stupendemys,https://en.wikipedia.org/wiki/Turtle,1,2026-10-09 06:47:00.534265,2026-10-09 06:47:00.764073
https://en.wikipedia.org/wiki/Stylemys,https://en.wikipedia.org/wiki/Turtle,1,2026-10-09 06:47:00.542638,2026-10-09 06:47:00.794864
https://en.wikipedia.org/wiki/Sulawesi_forest_turtle,https://en.wikipedia.org/wiki/Turtle,1,2026-10-09 06:47:00.550079,2026-10-09 06:47:00.825596
https://en.wikipedia.org/wiki/Suture_(anatomy),https://en.wikipedia.org/wiki/Turtle,1,2026-10-09 06:47:00.55476,2026-10-09 06:47:00.856786
https://en.wikipedia.org/wiki/Swiss_Journal_of_Palaeontology,https://en.wikipedia.org/wiki/Turtle,1,2026-10-09 06:47:00.543213,2026-10-09 06:47:00.797147
https://en.wikipedia.org/wiki/Syllomus,https://en.wikipedia.org/wiki/Turtle,1,2026-10-09 06:47:00.48927,2026-10-09 06:47:00.589267
https://en.wikipedia.org/wiki/Synonym_(taxonomy),https://en.wikipedia.org/wiki/Turtle,1,2026-10-09 06:47:00.479271,2026-10-09 06:47:00.544082
https://en.wikipedia.org/wiki/Tacuarembemys,https://en.wikipedia.org/wiki/Turtle,1,2026-10-09 06:47:00.535654,2026-10-09 06:47:00.769442
https://en.wikipedia.org/wiki/Taiwan,https://en.wikipedia.org/wiki/Turtle,1,2026-10-09 06:47:00.51608,2026-10-09 06:47:00.699135
https://en.wikipedia.org/wiki/Tampa_International_Airport,https://en.wikipedia.org/wiki/Turtle,1,2026-10-09 06:47:00.520259,2026-10-09 06:47:00.711431
https://en.wikipedia.org/wiki/Tapetum_lucidum,https://en.wikipedia.org/wiki/Turtle,1,2026-10-09 06:47:00.557037,2026-10-09 06:47:00.870177
https://en.wikipedia.org/wiki/Taphrosphys,https://en.wikipedia.org/wiki/Turtle,1,2026-10-09 06:47:00.506274,2026-10-09 06:47:00.657485
https://en.wikipedia.org/wiki/Tasbacka,https://en.wikipedia.org/wiki/Turtle,1,2026-10-09 06:47:00.499932,2026-10-09 06:47:00.631342
https://en.wikipedia.org/wiki/Taxonomic_rank,https://en.wikipedia.org/wiki/Turtle,1,2026-10-09 06:47:00.567262,2026-10-09 06:47:00.913247
https://en.wikipedia.org/wiki/Taxonomy_(biology),https://en.wikipedia.org/wiki/Turtle,1,2026-10-09 06:47:00.516238,2026-10-09 06:47:00.699153
https://en.wikipedia.org/wiki/Teenage_Mutant_Ninja_Turtles,https://en.wikipedia.org/wiki/Turtle,1,2026-10-09 06:47:00.557775,2026-10-09 06:47:00.874187
https://en.wikipedia.org/wiki/Temperature-dependent_sex_determination,https://en.wikipedia.org/wiki/Turtle,1,2026-10-09 06:47:00.497769,2026-10-09 06:47:00.622808
https://en.wikipedia.org/wiki/Template_talk:Chordata,https://en.wikipedia.org/wiki/Turtle,1,2026-10-09 06:47:00.500803,2026-10-09 06:47:00.634922
https://en.wikipedia.org/wiki/Template_talk:Individual_turtles,https://en.wikipedia.org/wiki/Turtle,1,2026-10-09 06:47:00.57074,2026-10-09 06:47:00.927768
https://en.wikipedia.org/wiki/Template_talk:Testudines,https://en.wikipedia.org/wiki/Turtle,1,2026-10-09 06:47:00.545551,2026-10-09 06:47:00.807465
https://en.wikipedia.org/wiki/Template_talk:Turtles_in_human_activities,https://en.wikipedia.org/wiki/Turtle,1,2026-10-09 06:47:00.494181,2026-10-09 06:47:00.608362
https://en.wikipedia.org/wiki/Temporal_fenestra,https://en.wikipedia.org/wiki/Turtle,1,2026-10-09 06:47:00.547975,2026-10-09 06:47:00.817062
https://en.wikipedia.org/wiki/Temporal_fenestrae,https://en.wikipedia.org/wiki/Turtle,1,2026-10-09 06:47:00.485988,2026-10-09 06:47:00.57523
https://en.wikipedia.org/wiki/Terlinguachelys,https://en.wikipedia.org/wiki/Turtle,1,2026-10-09 06:47:00.476538,2026-10-09 06:47:00.531899
https://en.wikipedia.org/wiki/Terrapene_ornata,https://en.wikipedia.org/wiki/Turtle,1,2026-10-09 06:47:00.462038,2026-10-09 06:47:00.46286
https://en.wikipedia.org/wiki/Terrapin,https://en.wikipedia.org/wiki/Turtle,1,2026-10-09 06:47:00.507386,2026-10-09 06:47:00.661948
https://en.wikipedia.org/wiki/Terry_Pratchett,https://en.wikipedia.org/wiki/Turtle,1,2026-10-09 06:47:00.485037,2026-10-09 06:47:00.571488
https://en.wikipedia.org/wiki/Testudinata,https://en.wikipedia.org/wiki/Turtle,1,2026-10-09 06:47:00.564845,2026-10-09 06:47:00.90422
https://en.wikipedia.org/wiki/Testudinidae,https://en.wikipedia.org/wiki/Turtle,1,2026-10-09 06:47:00.558412,2026-10-09 06:47:00.876572
https://en.wikipedia.org/wiki/Testudinoidea,https://en.wikipedia.org/wiki/Turtle,1,2026-10-09 06:47:00.501182,2026-10-09 06:47:00.637043
https://en.wikipedia.org/wiki/Testudo_formation,https://en.wikipedia.org/wiki/Turtle,1,2026-10-09 06:47:00.480179,2026-10-09 06:47:00.547475
https://en.wikipedia.org/wiki/Testudo_(genus),https://en.wikipedia.org/wiki/Turtle,1,2026-10-09 06:47:00.565175,2026-10-09 06:47:00.905156
https://en.wikipedia.org/wiki/Tetrapod,https://en.wikipedia.org/wiki/Turtle,1,2026-10-09 06:47:00.56198,2026-10-09 06:47:00.892353
https://en.wikipedia.org/wiki/Thaliacea,https://en.wikipedia.org/wiki/Turtle,1,2026-10-09 06:47:00.491834,2026-10-09 06:47:00.599884
https://en.wikipedia.org/wiki/The_Colour_of_Magic,https://en.wikipedia.org/wiki/Turtle,1,2026-10-09 06:47:00.490801,2026-10-09 06:47:00.596473
https://en.wikipedia.org/wiki/The_Guardian,https://en.wikipedia.org/wiki/Turtle,1,2026-10-09 06:47:00.570223,2026-10-09 06:47:00.92551
https://en.wikipedia.org/wiki/The_New_York_Times,https://en.wikipedia.org/wiki/Turtle,1,2026-10-09 06:47:00.474928,2026-10-09 06:47:00.523388
https://en.wikipedia.org/wiki/Thermal_inertia,https://en.wikipedia.org/wiki/Turtle,1,2026-10-09 06:47:00.504591,2026-10-09 06:47:00.650326
https://en.wikipedia.org/wiki/The_Tortoise_and_the_Hare,https://en.wikipedia.org/wiki/Turtle,1,2026-10-09 06:47:00.47592,2026-10-09 06:47:00.528753
https://en.wikipedia.org/wiki/Three-toed_box_turtle,https://en.wikipedia.org/wiki/Turtle,1,2026-10-09 06:47:00.492188,2026-10-09 06:47:00.60226
https://en.wikipedia.org/wiki/Time_(magazine),https://en.wikipedia.org/wiki/Turtle,1,2026-10-09 06:47:00.514458,2026-10-09 06:47:00.692791
https://en.wikipedia.org/wiki/Timothy_(tortoise),https://en.wikipedia.org/wiki/Turtle,1,2026-10-09 06:47:00.461667,2026-10-09 06:47:00.463023
https://en.wikipedia.org/wiki/Tortoise,https://en.wikipedia.org/wiki/Turtle,1,2026-10-09 06:47:00.523806,2026-10-09 06:47:00.721809
https://en.wikipedia.org/wiki/Tortoiseshell,https://en.wikipedia.org/wiki/Turtle,1,2026-10-09 06:47:00.548417,2026-10-09 06:47:00.819507
https://en.wikipedia.org/wiki/Toxochelys,https://en.wikipedia.org/wiki/Turtle,1,2026-10-09 06:47:00.489123,2026-10-09 06:47:00.589188
https://en.wikipedia.org/wiki/Trachemys,https://en.wikipedia.org/wiki/Turtle,1,2026-10-09 06:47:00.510456,2026-10-09 06:47:00.675824
https://en.wikipedia.org/wiki/Traditional_Chinese_medicine,https://en.wikipedia.org/wiki/Turtle,1,2026-10-09 06:47:00.560706,2026-10-09 06:47:00.884781
https://en.wikipedia.org/wiki/Transversus_abdominis_muscle,https://en.wikipedia.org/wiki/Turtle,1,2026-10-09 06:47:00.564549,2026-10-09 06:47:00.902951
https://en.wikipedia.org/wiki/Trawling,https://en.wikipedia.org/wiki/Turtle,1,2026-10-09 06:47:00.529838,2026-10-09 06:47:00.744513
https://en.wikipedia.org/wiki/Triassic,https://en.wikipedia.org/wiki/Turtle,1,2026-10-09 06:47:00.471861,2026-10-09 06:47:00.509207
https://en.wikipedia.org/wiki/Triethylamine,https://en.wikipedia.org/wiki/Turtle,1,2026-10-09 06:47:00.516423,2026-10-09 06:47:00.699188
https://en.wikipedia.org/wiki/Trionychia,https://en.wikipedia.org/wiki/Turtle,1,2026-10-09 06:47:00.510188,2026-10-09 06:47:00.673646
https://en.wikipedia.org/wiki/Trionychidae,https://en.wikipedia.org/wiki/Turtle,1,2026-10-09 06:47:00.568856,2026-10-09 06:47:00.919838
https://en.wikipedia.org/wiki/Trionyx,https://en.wikipedia.org/wiki/Turtle,1,2026-10-09 06:47:00.505494,2026-10-09 06:47:00.654403
https://en.wikipedia.org/wiki/Tuatara,https://en.wikipedia.org/wiki/Turtle,1,2026-10-09 06:47:00.470043,2026-10-09 06:47:00.501033
https://en.wikipedia.org/wiki/Tu'i_Malila,https://en.wikipedia.org/wiki/Turtle,1,2026-10-09 06:47:00.493674,2026-10-09 06:47:00.607244
https://en.wikipedia.org/wiki/Tunicate,https://en.wikipedia.org/wiki/Turtle,1,2026-10-09 06:47:00.467013,2026-10-09 06:47:00.489247
https://en.wikipedia.org/wiki/Turtle_classification,https://en.wikipedia.org/wiki/Turtle,1,2026-10-09 06:47:00.485398,2026-10-09 06:47:00.571631
https://en.wikipedia.org/wiki/Turtle_(disambiguation),https://en.wikipedia.org/wiki/Turtle,1,2026-10-09 06:47:00.53155,2026-10-09 06:47:00.751005
https://en.wikipedia.org/wiki/Turtle_excluder_device,https://en.wikipedia.org/wiki/Turtle,1,2026-10-09 06:47:00.502272,2026-10-09 06:47:00.641219
https://en.wikipedia.org/wiki/Turtle_farm,https://en.wikipedia.org/wiki/Turtle,1,2026-10-09 06:47:00.465966,2026-10-09 06:47:00.483495
https://en.wikipedia.org/wiki/Turtle_farming,https://en.wikipedia.org/wiki/Turtle,1,2026-10-09 06:47:00.570999,2026-10-09 06:47:00.928791
https://en.wikipedia.org/wiki/Turtle_Island,https://en.wikipedia.org/wiki/Turtle,1,2026-10-09 06:47:00.484472,2026-10-09 06:47:00.569077
https://en.wikipedia.org/wiki/Turtle_Island_(book),https://en.wikipedia.org/wiki/Turtle,1,2026-10-09 06:47:00.548833,2026-10-09 06:47:00.820914
https://en.wikipedia.org/wiki/Turtle_Island_(Native_American_folklore),https://en.wikipedia.org/wiki/Turtle,1,2026-10-09 06:47:00.471289,2026-10-09 06:47:00.50703
https://en.wikipedia.org/wiki/Turtle_racing,https://en.wikipedia.org/wiki/Turtle,1,2026-10-09 06:47:00.541889,2026-10-09 06:47:00.791259
https://en.wikipedia.org/wiki/Turtle_shell,https://en.wikipedia.org/wiki/Turtle,1,2026-10-09 06:47:00.469654,2026-10-09 06:47:00.499803
https://en.wikipedia.org/wiki/Turtle_soup,https://en.wikipedia.org/wiki/Turtle,1,2026-10-09 06:47:00.537168,2026-10-09 06:47:00.775311
https://en.wikipedia.org/wiki/Turtle_Taxonomy_Working_Group,https://en.wikipedia.org/wiki/Turtle,1,2026-10-09 06:47:00.511902,2026-10-09 06:47:00.682725
https://en.wikipedia.org/wiki/Turtling_(hunting),https://en.wikipedia.org/wiki/Turtle,1,2026-10-09 06:47:00.541611,2026-10-09 06:47:00.790216
https://en.wikipedia.org/wiki/Twist-necked_turtle,https://en.wikipedia.org/wiki/Turtle,1,2026-10-09 06:47:00.544744,2026-10-09 06:47:00.804144
https://en.wikipedia.org/wiki/Ultra-conserved_element,https://en.wikipedia.org/wiki/Turtle,1,2026-10-09 06:47:00.498243,2026-10-09 06:47:00.624094
https://en.wikipedia.org/wiki/Ultraviolet,https://en.wikipedia.org/wiki/Turtle,1,2026-10-09 06:47:00.473644,2026-10-09 06:47:00.515551
https://en.wikipedia.org/wiki/Ummulisani,https://en.wikipedia.org/wiki/Turtle,1,2026-10-09 06:47:00.50571,2026-10-09 06:47:00.65528
https://en.wikipedia.org/wiki/U.S._Department_of_Agriculture,https://en.wikipedia.org/wiki/Turtle,1,2026-10-09 06:47:00.561696,2026-10-09 06:47:00.890101
https://en.wikipedia.org/wiki/Ventricle_(heart),https://en.wikipedia.org/wiki/Turtle,1,2026-10-09 06:47:00.497447,2026-10-09 06:47:00.621669
https://en.wikipedia.org/wiki/Vertebrate,https://en.wikipedia.org/wiki/Turtle,1,2026-10-09 06:47:00.539342,2026-10-09 06:47:00.783539
https://en.wikipedia.org/wiki/Vishnu,https://en.wikipedia.org/wiki/Turtle,1,2026-10-09 06:47:00.467645,2026-10-09 06:47:00.49155
https://en.wikipedia.org/wiki/Visual_acuity,https://en.wikipedia.org/wiki/Turtle,1,2026-10-09 06:47:00.557169,2026-10-09 06:47:00.871824
https://en.wikipedia.org/wiki/Visual_perception,https://en.wikipedia.org/wiki/Turtle,1,2026-10-09 06:47:00.475609,2026-10-09 06:47:00.52721
https://en.wikipedia.org/wiki/Vocal_cord,https://en.wikipedia.org/wiki/Turtle,1,2026-10-09 06:47:00.515686,2026-10-09 06:47:00.696993
https://en.wikipedia.org/wiki/Vomeronasal_organ,https://en.wikipedia.org/wiki/Turtle,1,2026-10-09 06:47:00.537764,2026-10-09 06:47:00.776323
https://en.wikipedia.org/wiki/Wattle-necked_softshell_turtle,https://en.wikipedia.org/wiki/Turtle,1,2026-10-09 06:47:00.522256,2026-10-09 06:47:00.717156
https://en.wikipedia.org/wiki/Webbed_foot,https://en.wikipedia.org/wiki/Turtle,1,2026-10-09 06:47:00.56803,2026-10-09 06:47:00.916595
https://en.wikipedia.org/wiki/Western_swamp_turtle,https://en.wikipedia.org/wiki/Turtle,1,2026-10-09 06:47:00.565825,2026-10-09 06:47:00.907589
https://en.wikipedia.org/wiki/Wikidata,https://en.wikipedia.org/wiki/Turtle,1,2026-10-09 06:47:00.469248,2026-10-09 06:47:00.497288
https://en.wikipedia.org/wiki/Wikispecies,https://en.wikipedia.org/wiki/Turtle,1,2026-10-09 06:47:00.534028,2026-10-09 06:47:00.7629
https://en.wikipedia.org/wiki/Wilburemys?action=edit&redlink=1,https://en.wikipedia.org/wiki/Turtle,1,2026-10-09 06:47:00.508903,2026-10-09 06:47:00.668233
https://en.wikipedia.org/wiki/Wildlife_trade,https://en.wikipedia.org/wiki/Turtle,1,2026-10-09 06:47:00.570612,2026-10-09 06:47:00.927778
https://en.wikipedia.org/wiki/World_Register_of_Marine_Species,https://en.wikipedia.org/wiki/Turtle,1,2026-10-09 06:47:00.506539,2026-10-09 06:47:00.659605
https://en.wikipedia.org/wiki/World_Turtle,https://en.wikipedia.org/wiki/Turtle,1,2026-10-09 06:47:00.544191,2026-10-09 06:47:00.801493
https://en.wikipedia.org/wiki/World_Turtle_Day,https://en.wikipedia.org/wiki/Turtle,1,2026-10-09 06:47:00.540869,2026-10-09 06:47:00.787975
https://en.wikipedia.org/wiki/Yaminuechelys,https://en.wikipedia.org/wiki/Turtle,1,2026-10-09 06:47:00.545967,2026-10-09 06:47:00.80866
https://en.wikipedia.org/wiki/Yellow-spotted_river_turtle,https://en.wikipedia.org/wiki/Turtle,1,2026-10-09 06:47:00.508192,2026-10-09 06:47:00.666052
https://en.wikipedia.org/wiki/Yoga,https://en.wikipedia.org/wiki/Turtle,1,2026-10-09 06:47:00.462435,2026-10-09 06:47:00.465866
https://en.wikipedia.org/wiki/Zeus,https://en.wikipedia.org/wiki/Turtle,1,2026-10-09 06:47:00.493124,2026-10-09 06:47:00.605329
https://en.wikipedia.org/wiki/Zolhafah,https://en.wikipedia.org/wiki/Turtle,1,2026-10-09 06:47:00.51137,2026-10-09 06:47:00.679736
https://en.wikipedia.org/wiki/Zond_5,https://en.wikipedia.org/wiki/Turtle,1,2026-10-09 06:47:00.496888,2026-10-09 06:47:00.618433
https://en.wikipedia.org/wiki/Zond_6,https://en.wikipedia.org/wiki/Turtle,1,2026-10-09 06:47:00.494555,2026-10-09 06:47:00.610411
https://en.wikipedia.org/wiki/Zond_7,https://en.wikipedia.org/wiki/Turtle,1,2026-10-09 06:47:00.497317,2026-10-09 06:47:00.620574
